patient_id,code
1,G
2,A
3,A
4,A
5,A
6,A
7,A
8,A
9,A
10,A
11,J
12,A
13,C
14,S
15,A
16,
17,A
18,
19,A
20,A
21,A
22,N
23,
24,
25,A
26,A
27,A
28,C
29,A
30,
31,M
32,
33,N
34,L
35,A
36,D
37,A
38,A
39,A
40,A
41,A
42,C
43,L
44,
45,A
46,A
47,A
48,A
49,A
50,A
51,A
52,C
53,N
54,
55,A
56,H
57,A
58,
59,A
60,A
61,A
62,C
63,H
64,A
65,C
66,R
67,A
68,A
69,A
70,A
71,A
72,A
73,E
74,B
75,
76,C
77,A
78,C
79,A
80,A
81,A
82,A
83,A
84,H
85,A
86,A
87,G
88,J
89,A
90,A
91,J
92,
93,A
94,L
95,A
96,A
97,
98,B
99,A
100,A
101,A
102,A
103,A
104,
105,A
106,A
107,C
108,
109,A
110,
111,A
112,A
113,A
114,C
115,A
116,C
117,A
118,A
119,A
120,A
121,K
122,A
123,B
124,M
125,
126,A
127,A
128,A
129,A
130,C
131,
132,A
133,J
134,A
135,S
136,A
137,A
138,A
139,A
140,A
141,A
142,A
143,A
144,A
145,H
146,A
147,M
148,A
149,
150,A
151,A
152,
153,E
154,B
155,A
156,A
157,L
158,A
159,F
160,A
161,A
162,G
163,A
164,A
165,A
166,N
167,A
168,A
169,C
170,R
171,B
172,A
173,A
174,
175,H
176,H
177,A
178,A
179,
180,A
181,M
182,A
183,A
184,A
185,P
186,A
187,G
188,A
189,N
190,A
191,A
192,B
193,A
194,L
195,A
196,A
197,A
198,A
199,A
200,A
201,A
202,A
203,A
204,
205,C
206,C
207,B
208,A
209,A
210,B
211,A
212,B
213,A
214,A
215,
216,H
217,A
218,R
219,N
220,
221,A
222,
223,C
224,L
225,A
226,H
227,A
228,A
229,A
230,
231,A
232,J
233,A
234,A
235,F
236,A
237,A
238,A
239,B
240,A
241,A
242,C
243,
244,A
245,A
246,A
247,A
248,A
249,N
250,D
251,A
252,
253,
254,A
255,A
256,J
257,A
258,B
259,A
260,A
261,A
262,A
263,
264,A
265,A
266,A
267,A
268,A
269,A
270,A
271,A
272,A
273,M
274,A
275,K
276,B
277,
278,A
279,A
280,
281,B
282,A
283,A
284,A
285,M
286,A
287,C
288,A
289,A
290,A
291,A
292,
293,A
294,A
295,
296,
297,B
298,A
299,K
300,H
301,E
302,
303,
304,J
305,A
306,B
307,A
308,A
309,
310,B
311,K
312,M
313,B
314,
315,C
316,
317,A
318,A
319,B
320,
321,P
322,C
323,A
324,B
325,A
326,A
327,A
328,
329,A
330,A
331,A
332,A
333,A
334,G
335,A
336,J
337,A
338,
339,A
340,A
341,J
342,A
343,A
344,A
345,R
346,
347,
348,A
349,R
350,A
351,J
352,A
353,A
354,C
355,
356,A
357,
358,
359,N
360,A
361,A
362,N
363,A
364,A
365,A
366,A
367,A
368,A
369,P
370,A
371,A
372,
373,
374,K
375,A
376,A
377,
378,A
379,A
380,A
381,
382,C
383,
384,
385,
386,
387,A
388,B
389,A
390,A
391,
392,A
393,A
394,A
395,E
396,
397,A
398,N
399,A
400,B
401,B
402,
403,
404,
405,A
406,B
407,A
408,C
409,A
410,C
411,C
412,
413,
414,C
415,A
416,B
417,A
418,A
419,A
420,A
421,A
422,A
423,A
424,A
425,C
426,A
427,D
428,B
429,A
430,H
431,A
432,B
433,A
434,L
435,A
436,
437,L
438,A
439,A
440,R
441,A
442,A
443,
444,
445,B
446,A
447,N
448,A
449,A
450,R
451,
452,
453,K
454,L
455,A
456,
457,N
458,H
459,F
460,A
461,A
462,B
463,A
464,A
465,A
466,A
467,A
468,H
469,
470,B
471,E
472,A
473,A
474,A
475,
476,A
477,A
478,A
479,A
480,A
481,A
482,A
483,A
484,A
485,A
486,M
487,H
488,A
489,A
490,B
491,
492,
493,A
494,A
495,A
496,
497,N
498,B
499,
500,
501,B
502,
503,F
504,
505,F
506,A
507,A
508,P
509,A
510,A
511,C
512,A
513,A
514,
515,
516,P
517,A
518,A
519,A
520,B
521,A
522,A
523,
524,A
525,N
526,N
527,
528,
529,A
530,A
531,A
532,A
533,A
534,J
535,A
536,D
537,A
538,A
539,B
540,A
541,
542,A
543,A
544,
545,A
546,C
547,A
548,H
549,A
550,
551,A
552,
553,A
554,A
555,A
556,A
557,C
558,
559,M
560,B
561,N
562,H
563,A
564,A
565,A
566,A
567,A
568,A
569,A
570,
571,
572,
573,A
574,
575,J
576,H
577,K
578,A
579,A
580,A
581,P
582,A
583,M
584,S
585,A
586,A
587,A
588,A
589,A
590,A
591,H
592,B
593,A
594,A
595,A
596,K
597,H
598,A
599,A
600,
601,A
602,A
603,
604,A
605,B
606,A
607,F
608,J
609,S
610,
611,B
612,S
613,A
614,A
615,
616,
617,F
618,C
619,
620,A
621,D
622,R
623,A
624,A
625,N
626,C
627,A
628,A
629,B
630,A
631,A
632,H
633,A
634,H
635,A
636,A
637,A
638,A
639,A
640,L
641,A
642,
643,
644,A
645,A
646,B
647,A
648,N
649,A
650,C
651,
652,C
653,A
654,A
655,A
656,E
657,A
658,A
659,A
660,
661,A
662,A
663,
664,A
665,A
666,A
667,A
668,A
669,A
670,F
671,A
672,A
673,A
674,A
675,A
676,A
677,B
678,
679,A
680,A
681,A
682,H
683,C
684,A
685,N
686,R
687,C
688,
689,P
690,A
691,A
692,A
693,K
694,A
695,
696,R
697,A
698,C
699,C
700,A
701,C
702,H
703,A
704,
705,A
706,A
707,
708,A
709,B
710,
711,S
712,
713,A
714,
715,A
716,A
717,H
718,A
719,G
720,
721,A
722,N
723,A
724,
725,
726,G
727,B
728,F
729,A
730,A
731,A
732,J
733,C
734,A
735,A
736,H
737,C
738,A
739,
740,A
741,A
742,A
743,A
744,A
745,A
746,C
747,A
748,A
749,A
750,A
751,A
752,L
753,N
754,N
755,A
756,A
757,
758,C
759,A
760,A
761,
762,
763,A
764,A
765,J
766,A
767,A
768,C
769,B
770,B
771,A
772,A
773,D
774,A
775,A
776,R
777,G
778,B
779,A
780,A
781,N
782,
783,
784,A
785,A
786,
787,A
788,H
789,A
790,
791,A
792,A
793,A
794,J
795,A
796,A
797,A
798,A
799,A
800,A
801,A
802,H
803,A
804,A
805,A
806,
807,F
808,A
809,J
810,A
811,
812,
813,A
814,C
815,A
816,A
817,F
818,
819,H
820,A
821,
822,J
823,A
824,C
825,
826,
827,A
828,H
829,J
830,A
831,
832,S
833,A
834,A
835,A
836,A
837,A
838,
839,H
840,A
841,A
842,J
843,A
844,A
845,B
846,A
847,A
848,H
849,A
850,A
851,
852,A
853,P
854,L
855,A
856,
857,L
858,A
859,J
860,A
861,C
862,
863,A
864,F
865,C
866,
867,
868,A
869,A
870,
871,
872,A
873,A
874,N
875,A
876,S
877,
878,
879,A
880,H
881,
882,A
883,A
884,A
885,
886,M
887,
888,A
889,A
890,
891,N
892,A
893,A
894,A
895,J
896,A
897,M
898,A
899,A
900,A
901,P
902,C
903,A
904,B
905,A
906,F
907,J
908,A
909,
910,N
911,
912,A
913,A
914,
915,A
916,A
917,A
918,A
919,A
920,A
921,A
922,A
923,A
924,A
925,A
926,A
927,A
928,A
929,A
930,B
931,A
932,N
933,A
934,A
935,A
936,
937,A
938,
939,A
940,A
941,A
942,A
943,A
944,B
945,A
946,A
947,A
948,A
949,A
950,D
951,A
952,A
953,A
954,C
955,H
956,
957,J
958,A
959,S
960,
961,C
962,A
963,A
964,M
965,L
966,A
967,A
968,D
969,A
970,A
971,
972,A
973,A
974,A
975,S
976,
977,A
978,B
979,D
980,
981,A
982,
983,D
984,A
985,J
986,B
987,
988,A
989,A
990,A
991,A
992,J
993,R
994,D
995,A
996,A
997,A
998,A
999,A
1000,A
1001,A
1002,
1003,A
1004,A
1005,A
1006,B
1007,A
1008,A
1009,A
1010,C
1011,A
1012,K
1013,A
1014,A
1015,A
1016,F
1017,A
1018,E
1019,B
1020,A
1021,A
1022,A
1023,A
1024,A
1025,A
1026,A
1027,A
1028,A
1029,
1030,A
1031,R
1032,A
1033,N
1034,N
1035,A
1036,A
1037,A
1038,K
1039,
1040,
1041,D
1042,
1043,A
1044,K
1045,A
1046,B
1047,A
1048,B
1049,A
1050,
1051,K
1052,A
1053,A
1054,
1055,B
1056,A
1057,A
1058,M
1059,A
1060,A
1061,A
1062,A
1063,A
1064,A
1065,A
1066,A
1067,A
1068,A
1069,
1070,A
1071,A
1072,F
1073,C
1074,A
1075,A
1076,A
1077,B
1078,A
1079,R
1080,
1081,A
1082,
1083,N
1084,R
1085,A
1086,A
1087,A
1088,
1089,A
1090,A
1091,B
1092,
1093,
1094,B
1095,K
1096,C
1097,J
1098,A
1099,A
1100,H
1101,K
1102,
1103,A
1104,A
1105,
1106,S
1107,A
1108,
1109,
1110,A
1111,A
1112,
1113,
1114,
1115,A
1116,A
1117,A
1118,A
1119,J
1120,A
1121,A
1122,A
1123,E
1124,
1125,A
1126,
1127,A
1128,
1129,A
1130,F
1131,A
1132,N
1133,D
1134,A
1135,B
1136,A
1137,A
1138,
1139,C
1140,S
1141,
1142,P
1143,J
1144,N
1145,C
1146,A
1147,A
1148,
1149,B
1150,A
1151,L
1152,M
1153,
1154,A
1155,J
1156,
1157,A
1158,R
1159,A
1160,J
1161,C
1162,K
1163,A
1164,G
1165,
1166,
1167,A
1168,A
1169,A
1170,A
1171,A
1172,
1173,A
1174,S
1175,A
1176,C
1177,
1178,
1179,A
1180,A
1181,A
1182,H
1183,A
1184,A
1185,
1186,B
1187,M
1188,
1189,K
1190,A
1191,A
1192,
1193,A
1194,H
1195,
1196,A
1197,A
1198,A
1199,A
1200,A
1201,A
1202,B
1203,A
1204,A
1205,A
1206,
1207,N
1208,
1209,A
1210,C
1211,A
1212,A
1213,M
1214,A
1215,A
1216,H
1217,S
1218,F
1219,A
1220,A
1221,A
1222,A
1223,A
1224,N
1225,A
1226,A
1227,
1228,A
1229,A
1230,
1231,
1232,A
1233,A
1234,A
1235,A
1236,B
1237,A
1238,R
1239,A
1240,A
1241,A
1242,C
1243,A
1244,J
1245,C
1246,
1247,G
1248,A
1249,A
1250,A
1251,H
1252,A
1253,A
1254,A
1255,
1256,S
1257,A
1258,
1259,C
1260,A
1261,A
1262,A
1263,A
1264,A
1265,A
1266,A
1267,A
1268,
1269,
1270,A
1271,C
1272,L
1273,A
1274,A
1275,A
1276,
1277,A
1278,A
1279,H
1280,N
1281,A
1282,A
1283,
1284,
1285,M
1286,A
1287,A
1288,A
1289,C
1290,A
1291,L
1292,A
1293,A
1294,A
1295,C
1296,H
1297,C
1298,P
1299,A
1300,
1301,A
1302,A
1303,A
1304,
1305,B
1306,
1307,C
1308,N
1309,A
1310,C
1311,
1312,A
1313,
1314,A
1315,C
1316,A
1317,A
1318,A
1319,A
1320,
1321,A
1322,J
1323,N
1324,A
1325,A
1326,A
1327,
1328,A
1329,A
1330,B
1331,A
1332,A
1333,A
1334,F
1335,A
1336,A
1337,A
1338,A
1339,
1340,A
1341,
1342,A
1343,A
1344,A
1345,A
1346,C
1347,A
1348,A
1349,C
1350,M
1351,C
1352,A
1353,
1354,A
1355,A
1356,M
1357,R
1358,A
1359,A
1360,A
1361,
1362,M
1363,S
1364,
1365,
1366,
1367,D
1368,
1369,J
1370,L
1371,A
1372,
1373,A
1374,A
1375,A
1376,B
1377,D
1378,A
1379,A
1380,H
1381,A
1382,
1383,A
1384,A
1385,A
1386,A
1387,
1388,A
1389,A
1390,
1391,A
1392,A
1393,A
1394,E
1395,N
1396,B
1397,E
1398,A
1399,
1400,A
1401,N
1402,A
1403,
1404,B
1405,J
1406,A
1407,A
1408,A
1409,
1410,A
1411,N
1412,A
1413,C
1414,A
1415,A
1416,A
1417,H
1418,A
1419,H
1420,A
1421,A
1422,A
1423,A
1424,L
1425,A
1426,H
1427,C
1428,A
1429,A
1430,A
1431,A
1432,A
1433,H
1434,
1435,
1436,A
1437,H
1438,N
1439,
1440,A
1441,H
1442,A
1443,A
1444,
1445,D
1446,L
1447,A
1448,
1449,A
1450,C
1451,B
1452,N
1453,A
1454,A
1455,S
1456,
1457,A
1458,
1459,G
1460,A
1461,L
1462,K
1463,A
1464,
1465,L
1466,A
1467,A
1468,
1469,A
1470,A
1471,A
1472,
1473,
1474,A
1475,A
1476,A
1477,A
1478,
1479,A
1480,A
1481,A
1482,
1483,A
1484,A
1485,B
1486,A
1487,A
1488,A
1489,A
1490,A
1491,M
1492,A
1493,A
1494,
1495,A
1496,N
1497,B
1498,A
1499,B
1500,A
1501,B
1502,
1503,H
1504,
1505,A
1506,H
1507,A
1508,A
1509,A
1510,A
1511,
1512,A
1513,B
1514,A
1515,
1516,B
1517,N
1518,A
1519,A
1520,A
1521,
1522,B
1523,A
1524,
1525,A
1526,A
1527,A
1528,B
1529,
1530,
1531,F
1532,A
1533,A
1534,A
1535,A
1536,
1537,A
1538,A
1539,R
1540,K
1541,
1542,A
1543,A
1544,
1545,A
1546,A
1547,A
1548,A
1549,L
1550,A
1551,
1552,A
1553,
1554,A
1555,A
1556,A
1557,A
1558,A
1559,A
1560,
1561,
1562,
1563,C
1564,A
1565,A
1566,A
1567,
1568,A
1569,J
1570,A
1571,
1572,A
1573,A
1574,A
1575,
1576,A
1577,A
1578,
1579,C
1580,A
1581,A
1582,A
1583,A
1584,N
1585,A
1586,A
1587,A
1588,A
1589,A
1590,A
1591,A
1592,C
1593,B
1594,A
1595,
1596,A
1597,E
1598,A
1599,
1600,A
1601,A
1602,A
1603,M
1604,M
1605,A
1606,A
1607,
1608,A
1609,A
1610,
1611,A
1612,A
1613,
1614,A
1615,A
1616,A
1617,A
1618,A
1619,R
1620,A
1621,
1622,C
1623,E
1624,A
1625,A
1626,A
1627,H
1628,A
1629,A
1630,C
1631,J
1632,A
1633,C
1634,A
1635,A
1636,L
1637,A
1638,A
1639,J
1640,A
1641,A
1642,A
1643,A
1644,A
1645,A
1646,P
1647,C
1648,A
1649,A
1650,B
1651,H
1652,A
1653,
1654,A
1655,
1656,S
1657,A
1658,A
1659,E
1660,A
1661,A
1662,A
1663,A
1664,
1665,J
1666,A
1667,A
1668,B
1669,A
1670,G
1671,
1672,A
1673,S
1674,
1675,A
1676,C
1677,G
1678,B
1679,
1680,A
1681,A
1682,A
1683,A
1684,A
1685,B
1686,A
1687,A
1688,
1689,
1690,A
1691,A
1692,
1693,E
1694,A
1695,A
1696,A
1697,A
1698,A
1699,A
1700,
1701,B
1702,A
1703,A
1704,A
1705,A
1706,C
1707,C
1708,
1709,C
1710,C
1711,J
1712,G
1713,A
1714,J
1715,
1716,A
1717,B
1718,
1719,L
1720,A
1721,
1722,A
1723,A
1724,A
1725,B
1726,N
1727,A
1728,C
1729,
1730,A
1731,A
1732,H
1733,S
1734,A
1735,A
1736,
1737,A
1738,C
1739,A
1740,A
1741,A
1742,A
1743,J
1744,A
1745,B
1746,A
1747,N
1748,
1749,H
1750,A
1751,K
1752,J
1753,
1754,A
1755,M
1756,A
1757,
1758,
1759,M
1760,A
1761,
1762,
1763,J
1764,A
1765,S
1766,A
1767,A
1768,A
1769,A
1770,
1771,A
1772,A
1773,A
1774,
1775,A
1776,
1777,A
1778,G
1779,L
1780,N
1781,M
1782,H
1783,L
1784,A
1785,
1786,A
1787,B
1788,
1789,E
1790,A
1791,H
1792,A
1793,
1794,A
1795,
1796,
1797,A
1798,A
1799,A
1800,R
1801,A
1802,A
1803,A
1804,A
1805,R
1806,A
1807,E
1808,H
1809,
1810,
1811,A
1812,A
1813,B
1814,H
1815,P
1816,A
1817,
1818,
1819,A
1820,S
1821,B
1822,A
1823,A
1824,A
1825,S
1826,P
1827,
1828,A
1829,A
1830,A
1831,A
1832,A
1833,R
1834,
1835,A
1836,M
1837,M
1838,A
1839,A
1840,F
1841,M
1842,A
1843,A
1844,A
1845,
1846,C
1847,A
1848,J
1849,A
1850,A
1851,B
1852,A
1853,A
1854,A
1855,A
1856,A
1857,A
1858,A
1859,K
1860,A
1861,A
1862,J
1863,A
1864,
1865,A
1866,
1867,
1868,A
1869,A
1870,H
1871,A
1872,C
1873,A
1874,A
1875,A
1876,
1877,
1878,A
1879,A
1880,A
1881,
1882,A
1883,A
1884,A
1885,
1886,A
1887,A
1888,A
1889,
1890,A
1891,
1892,A
1893,
1894,A
1895,
1896,A
1897,A
1898,A
1899,A
1900,
1901,A
1902,L
1903,B
1904,M
1905,A
1906,A
1907,
1908,M
1909,A
1910,A
1911,A
1912,
1913,A
1914,
1915,A
1916,A
1917,A
1918,A
1919,B
1920,A
1921,
1922,A
1923,J
1924,A
1925,A
1926,C
1927,A
1928,A
1929,A
1930,
1931,A
1932,A
1933,
1934,
1935,A
1936,A
1937,C
1938,A
1939,N
1940,A
1941,B
1942,
1943,M
1944,A
1945,A
1946,A
1947,A
1948,A
1949,C
1950,A
1951,G
1952,B
1953,N
1954,A
1955,B
1956,A
1957,A
1958,A
1959,
1960,
1961,
1962,A
1963,A
1964,A
1965,J
1966,
1967,A
1968,
1969,A
1970,C
1971,H
1972,A
1973,
1974,F
1975,A
1976,A
1977,
1978,A
1979,J
1980,A
1981,A
1982,A
1983,A
1984,
1985,A
1986,B
1987,
1988,A
1989,A
1990,A
1991,
1992,
1993,C
1994,A
1995,
1996,B
1997,A
1998,A
1999,A
2000,C
2001,A
2002,N
2003,A
2004,A
2005,C
2006,J
2007,
2008,L
2009,A
2010,A
2011,A
2012,A
2013,
2014,A
2015,A
2016,A
2017,A
2018,A
2019,
2020,A
2021,F
2022,
2023,A
2024,A
2025,M
2026,A
2027,A
2028,
2029,
2030,B
2031,A
2032,M
2033,J
2034,A
2035,A
2036,
2037,
2038,A
2039,A
2040,A
2041,A
2042,A
2043,A
2044,A
2045,
2046,C
2047,B
2048,K
2049,A
2050,A
2051,A
2052,K
2053,G
2054,A
2055,A
2056,C
2057,
2058,M
2059,A
2060,A
2061,H
2062,A
2063,M
2064,K
2065,A
2066,A
2067,A
2068,A
2069,A
2070,A
2071,
2072,
2073,A
2074,
2075,R
2076,A
2077,
2078,A
2079,
2080,A
2081,A
2082,R
2083,G
2084,A
2085,A
2086,
2087,
2088,B
2089,H
2090,
2091,A
2092,A
2093,A
2094,
2095,K
2096,K
2097,A
2098,B
2099,
2100,
2101,A
2102,B
2103,J
2104,A
2105,
2106,A
2107,
2108,A
2109,A
2110,
2111,A
2112,A
2113,A
2114,P
2115,A
2116,A
2117,H
2118,A
2119,S
2120,A
2121,C
2122,N
2123,
2124,
2125,M
2126,A
2127,A
2128,
2129,A
2130,A
2131,A
2132,A
2133,A
2134,A
2135,A
2136,A
2137,
2138,S
2139,A
2140,
2141,A
2142,H
2143,A
2144,A
2145,C
2146,A
2147,A
2148,R
2149,A
2150,N
2151,N
2152,A
2153,A
2154,A
2155,D
2156,A
2157,A
2158,A
2159,A
2160,A
2161,A
2162,A
2163,C
2164,A
2165,
2166,A
2167,A
2168,A
2169,A
2170,J
2171,A
2172,A
2173,F
2174,A
2175,
2176,A
2177,
2178,A
2179,
2180,A
2181,A
2182,A
2183,A
2184,B
2185,H
2186,
2187,A
2188,
2189,A
2190,A
2191,F
2192,H
2193,A
2194,B
2195,C
2196,A
2197,B
2198,
2199,F
2200,A
2201,A
2202,B
2203,A
2204,A
2205,A
2206,M
2207,A
2208,J
2209,A
2210,A
2211,A
2212,
2213,A
2214,
2215,A
2216,A
2217,
2218,H
2219,B
2220,C
2221,A
2222,B
2223,A
2224,A
2225,H
2226,
2227,A
2228,A
2229,
2230,A
2231,A
2232,
2233,
2234,A
2235,A
2236,A
2237,
2238,A
2239,A
2240,
2241,A
2242,H
2243,A
2244,A
2245,D
2246,A
2247,A
2248,A
2249,A
2250,A
2251,A
2252,A
2253,B
2254,
2255,E
2256,B
2257,C
2258,A
2259,A
2260,A
2261,A
2262,A
2263,A
2264,A
2265,A
2266,N
2267,A
2268,A
2269,A
2270,A
2271,
2272,A
2273,A
2274,
2275,A
2276,A
2277,A
2278,
2279,B
2280,A
2281,A
2282,A
2283,J
2284,F
2285,A
2286,
2287,A
2288,A
2289,A
2290,C
2291,A
2292,A
2293,A
2294,
2295,H
2296,A
2297,
2298,A
2299,A
2300,B
2301,B
2302,
2303,A
2304,C
2305,B
2306,
2307,C
2308,A
2309,D
2310,A
2311,L
2312,
2313,
2314,L
2315,K
2316,A
2317,A
2318,A
2319,A
2320,B
2321,A
2322,A
2323,A
2324,A
2325,
2326,P
2327,N
2328,A
2329,
2330,A
2331,
2332,N
2333,R
2334,D
2335,
2336,
2337,A
2338,
2339,A
2340,A
2341,
2342,B
2343,A
2344,A
2345,A
2346,A
2347,A
2348,G
2349,A
2350,A
2351,R
2352,G
2353,
2354,A
2355,A
2356,C
2357,A
2358,A
2359,A
2360,A
2361,
2362,A
2363,R
2364,A
2365,
2366,C
2367,C
2368,
2369,A
2370,
2371,G
2372,A
2373,
2374,C
2375,R
2376,A
2377,
2378,A
2379,A
2380,A
2381,C
2382,A
2383,
2384,A
2385,A
2386,H
2387,N
2388,A
2389,A
2390,A
2391,A
2392,J
2393,D
2394,
2395,A
2396,A
2397,A
2398,A
2399,B
2400,N
2401,C
2402,A
2403,A
2404,A
2405,A
2406,A
2407,M
2408,A
2409,E
2410,A
2411,A
2412,A
2413,R
2414,A
2415,C
2416,
2417,A
2418,P
2419,A
2420,N
2421,A
2422,
2423,A
2424,H
2425,A
2426,A
2427,R
2428,A
2429,B
2430,G
2431,A
2432,N
2433,A
2434,A
2435,A
2436,C
2437,A
2438,
2439,A
2440,A
2441,H
2442,
2443,H
2444,A
2445,
2446,A
2447,
2448,A
2449,A
2450,A
2451,A
2452,B
2453,
2454,
2455,B
2456,A
2457,B
2458,A
2459,A
2460,A
2461,M
2462,A
2463,K
2464,A
2465,F
2466,A
2467,A
2468,A
2469,
2470,A
2471,B
2472,M
2473,
2474,A
2475,N
2476,A
2477,A
2478,J
2479,F
2480,A
2481,S
2482,A
2483,H
2484,A
2485,A
2486,A
2487,S
2488,
2489,A
2490,A
2491,
2492,H
2493,E
2494,
2495,A
2496,A
2497,
2498,A
2499,B
2500,A
2501,A
2502,
2503,B
2504,B
2505,D
2506,A
2507,A
2508,
2509,
2510,R
2511,A
2512,C
2513,
2514,A
2515,A
2516,
2517,B
2518,
2519,A
2520,A
2521,A
2522,S
2523,A
2524,C
2525,M
2526,
2527,A
2528,K
2529,
2530,A
2531,A
2532,C
2533,A
2534,A
2535,
2536,L
2537,
2538,A
2539,B
2540,B
2541,A
2542,J
2543,A
2544,A
2545,H
2546,A
2547,H
2548,A
2549,
2550,J
2551,A
2552,H
2553,A
2554,
2555,A
2556,S
2557,A
2558,
2559,H
2560,A
2561,
2562,
2563,H
2564,A
2565,A
2566,A
2567,A
2568,L
2569,A
2570,
2571,
2572,A
2573,E
2574,A
2575,A
2576,A
2577,G
2578,F
2579,
2580,A
2581,
2582,C
2583,F
2584,M
2585,R
2586,F
2587,A
2588,
2589,A
2590,N
2591,A
2592,A
2593,A
2594,P
2595,
2596,A
2597,
2598,A
2599,A
2600,A
2601,
2602,A
2603,
2604,A
2605,
2606,
2607,A
2608,A
2609,A
2610,A
2611,S
2612,
2613,A
2614,A
2615,A
2616,A
2617,A
2618,A
2619,
2620,M
2621,
2622,A
2623,H
2624,
2625,
2626,A
2627,S
2628,C
2629,
2630,C
2631,
2632,A
2633,A
2634,A
2635,
2636,A
2637,A
2638,A
2639,
2640,
2641,A
2642,A
2643,F
2644,A
2645,G
2646,A
2647,D
2648,A
2649,S
2650,E
2651,A
2652,A
2653,B
2654,B
2655,A
2656,A
2657,A
2658,M
2659,B
2660,A
2661,P
2662,
2663,A
2664,C
2665,
2666,A
2667,A
2668,
2669,A
2670,C
2671,C
2672,C
2673,A
2674,A
2675,G
2676,A
2677,A
2678,
2679,A
2680,H
2681,A
2682,A
2683,A
2684,A
2685,B
2686,A
2687,A
2688,A
2689,A
2690,B
2691,A
2692,
2693,M
2694,A
2695,A
2696,C
2697,A
2698,
2699,M
2700,A
2701,A
2702,H
2703,D
2704,
2705,A
2706,A
2707,K
2708,A
2709,A
2710,A
2711,A
2712,N
2713,
2714,A
2715,A
2716,A
2717,
2718,A
2719,E
2720,A
2721,L
2722,A
2723,A
2724,A
2725,A
2726,A
2727,A
2728,A
2729,H
2730,
2731,B
2732,A
2733,E
2734,A
2735,A
2736,F
2737,H
2738,A
2739,K
2740,D
2741,
2742,A
2743,A
2744,A
2745,
2746,F
2747,A
2748,C
2749,C
2750,J
2751,
2752,A
2753,
2754,C
2755,
2756,
2757,A
2758,A
2759,A
2760,A
2761,H
2762,A
2763,A
2764,A
2765,
2766,A
2767,A
2768,A
2769,D
2770,A
2771,A
2772,F
2773,A
2774,A
2775,
2776,
2777,A
2778,A
2779,P
2780,A
2781,J
2782,A
2783,
2784,A
2785,A
2786,R
2787,A
2788,
2789,A
2790,A
2791,A
2792,A
2793,
2794,
2795,B
2796,
2797,
2798,
2799,B
2800,
2801,A
2802,N
2803,R
2804,A
2805,
2806,
2807,F
2808,D
2809,A
2810,N
2811,A
2812,H
2813,A
2814,A
2815,M
2816,A
2817,A
2818,A
2819,A
2820,A
2821,B
2822,J
2823,
2824,A
2825,A
2826,
2827,A
2828,L
2829,J
2830,S
2831,M
2832,A
2833,A
2834,A
2835,B
2836,A
2837,
2838,A
2839,N
2840,A
2841,A
2842,A
2843,K
2844,
2845,A
2846,A
2847,B
2848,
2849,H
2850,H
2851,C
2852,A
2853,A
2854,K
2855,C
2856,
2857,A
2858,A
2859,C
2860,A
2861,A
2862,A
2863,A
2864,M
2865,A
2866,
2867,
2868,A
2869,A
2870,A
2871,
2872,C
2873,A
2874,K
2875,A
2876,H
2877,F
2878,
2879,
2880,B
2881,
2882,C
2883,A
2884,A
2885,G
2886,A
2887,G
2888,D
2889,S
2890,A
2891,
2892,P
2893,A
2894,A
2895,P
2896,A
2897,
2898,A
2899,A
2900,A
2901,E
2902,H
2903,A
2904,A
2905,A
2906,J
2907,
2908,A
2909,B
2910,A
2911,M
2912,M
2913,C
2914,A
2915,A
2916,C
2917,K
2918,M
2919,A
2920,A
2921,A
2922,H
2923,A
2924,
2925,A
2926,
2927,A
2928,A
2929,A
2930,
2931,A
2932,N
2933,A
2934,A
2935,A
2936,L
2937,A
2938,A
2939,A
2940,A
2941,A
2942,N
2943,A
2944,
2945,A
2946,S
2947,L
2948,H
2949,A
2950,A
2951,A
2952,A
2953,C
2954,A
2955,A
2956,A
2957,
2958,A
2959,A
2960,A
2961,A
2962,A
2963,A
2964,B
2965,H
2966,A
2967,J
2968,K
2969,C
2970,A
2971,C
2972,A
2973,A
2974,M
2975,A
2976,A
2977,A
2978,E
2979,A
2980,A
2981,A
2982,C
2983,
2984,N
2985,A
2986,
2987,A
2988,A
2989,A
2990,M
2991,B
2992,H
2993,A
2994,A
2995,
2996,A
2997,C
2998,A
2999,A
3000,
3001,
3002,
3003,A
3004,B
3005,A
3006,
3007,A
3008,A
3009,N
3010,
3011,A
3012,N
3013,A
3014,A
3015,B
3016,E
3017,A
3018,B
3019,B
3020,A
3021,A
3022,A
3023,A
3024,B
3025,J
3026,A
3027,
3028,A
3029,A
3030,A
3031,M
3032,A
3033,
3034,A
3035,A
3036,A
3037,C
3038,
3039,R
3040,F
3041,A
3042,A
3043,A
3044,A
3045,A
3046,A
3047,A
3048,
3049,A
3050,
3051,A
3052,A
3053,A
3054,N
3055,A
3056,A
3057,D
3058,A
3059,C
3060,A
3061,
3062,B
3063,C
3064,B
3065,K
3066,A
3067,A
3068,A
3069,A
3070,B
3071,A
3072,A
3073,
3074,A
3075,C
3076,B
3077,A
3078,L
3079,A
3080,A
3081,
3082,A
3083,A
3084,A
3085,A
3086,A
3087,A
3088,D
3089,A
3090,
3091,B
3092,A
3093,A
3094,A
3095,M
3096,J
3097,C
3098,A
3099,A
3100,A
3101,P
3102,A
3103,A
3104,A
3105,C
3106,
3107,M
3108,C
3109,A
3110,A
3111,
3112,A
3113,
3114,H
3115,A
3116,A
3117,A
3118,
3119,
3120,A
3121,A
3122,G
3123,A
3124,A
3125,
3126,A
3127,E
3128,A
3129,A
3130,
3131,B
3132,A
3133,K
3134,R
3135,A
3136,B
3137,A
3138,A
3139,
3140,A
3141,
3142,
3143,A
3144,A
3145,H
3146,J
3147,A
3148,K
3149,A
3150,A
3151,F
3152,A
3153,
3154,A
3155,A
3156,A
3157,A
3158,A
3159,A
3160,A
3161,A
3162,
3163,A
3164,A
3165,R
3166,J
3167,C
3168,B
3169,A
3170,A
3171,J
3172,A
3173,A
3174,A
3175,C
3176,J
3177,C
3178,A
3179,A
3180,
3181,A
3182,A
3183,A
3184,A
3185,A
3186,P
3187,B
3188,R
3189,C
3190,
3191,
3192,A
3193,D
3194,
3195,A
3196,A
3197,M
3198,C
3199,A
3200,A
3201,A
3202,A
3203,
3204,A
3205,B
3206,D
3207,
3208,A
3209,G
3210,A
3211,A
3212,A
3213,A
3214,K
3215,A
3216,C
3217,A
3218,C
3219,A
3220,N
3221,
3222,B
3223,
3224,F
3225,
3226,
3227,A
3228,K
3229,A
3230,G
3231,A
3232,A
3233,A
3234,A
3235,A
3236,J
3237,H
3238,A
3239,A
3240,A
3241,A
3242,
3243,J
3244,A
3245,F
3246,A
3247,F
3248,B
3249,
3250,A
3251,M
3252,B
3253,J
3254,A
3255,A
3256,N
3257,S
3258,D
3259,L
3260,B
3261,A
3262,A
3263,N
3264,G
3265,A
3266,B
3267,A
3268,A
3269,P
3270,
3271,N
3272,
3273,A
3274,A
3275,
3276,A
3277,S
3278,
3279,
3280,A
3281,A
3282,
3283,A
3284,A
3285,A
3286,A
3287,A
3288,A
3289,A
3290,G
3291,A
3292,A
3293,B
3294,A
3295,A
3296,H
3297,J
3298,H
3299,A
3300,
3301,A
3302,A
3303,
3304,A
3305,B
3306,A
3307,G
3308,
3309,A
3310,B
3311,
3312,A
3313,A
3314,
3315,
3316,A
3317,A
3318,A
3319,A
3320,A
3321,C
3322,A
3323,
3324,D
3325,A
3326,A
3327,B
3328,A
3329,P
3330,M
3331,
3332,
3333,A
3334,B
3335,B
3336,
3337,A
3338,J
3339,A
3340,A
3341,A
3342,A
3343,L
3344,A
3345,A
3346,A
3347,A
3348,C
3349,A
3350,A
3351,A
3352,
3353,R
3354,A
3355,A
3356,A
3357,A
3358,A
3359,
3360,B
3361,M
3362,P
3363,
3364,A
3365,A
3366,A
3367,C
3368,A
3369,B
3370,A
3371,A
3372,A
3373,P
3374,C
3375,
3376,A
3377,A
3378,A
3379,A
3380,A
3381,A
3382,
3383,C
3384,J
3385,A
3386,R
3387,C
3388,C
3389,A
3390,L
3391,A
3392,A
3393,C
3394,A
3395,A
3396,A
3397,B
3398,P
3399,A
3400,A
3401,
3402,A
3403,
3404,A
3405,D
3406,A
3407,
3408,A
3409,
3410,A
3411,H
3412,
3413,A
3414,H
3415,A
3416,A
3417,A
3418,N
3419,A
3420,A
3421,A
3422,A
3423,
3424,A
3425,
3426,
3427,A
3428,A
3429,A
3430,B
3431,
3432,L
3433,R
3434,A
3435,A
3436,A
3437,
3438,A
3439,R
3440,B
3441,A
3442,A
3443,A
3444,H
3445,J
3446,A
3447,
3448,A
3449,C
3450,A
3451,
3452,A
3453,A
3454,A
3455,E
3456,A
3457,H
3458,R
3459,A
3460,A
3461,A
3462,
3463,A
3464,B
3465,A
3466,A
3467,A
3468,A
3469,A
3470,A
3471,J
3472,A
3473,A
3474,
3475,A
3476,A
3477,J
3478,A
3479,A
3480,C
3481,A
3482,A
3483,B
3484,A
3485,A
3486,A
3487,A
3488,
3489,A
3490,A
3491,B
3492,A
3493,C
3494,A
3495,F
3496,C
3497,F
3498,K
3499,A
3500,A
3501,A
3502,A
3503,
3504,A
3505,A
3506,A
3507,
3508,A
3509,C
3510,A
3511,A
3512,
3513,A
3514,A
3515,A
3516,A
3517,E
3518,A
3519,A
3520,N
3521,
3522,P
3523,A
3524,A
3525,M
3526,A
3527,G
3528,A
3529,A
3530,
3531,A
3532,H
3533,
3534,A
3535,
3536,
3537,A
3538,
3539,A
3540,A
3541,F
3542,E
3543,A
3544,
3545,
3546,B
3547,A
3548,A
3549,A
3550,A
3551,A
3552,M
3553,A
3554,A
3555,A
3556,A
3557,M
3558,A
3559,A
3560,A
3561,D
3562,
3563,B
3564,H
3565,
3566,A
3567,A
3568,N
3569,H
3570,A
3571,B
3572,A
3573,
3574,C
3575,A
3576,A
3577,A
3578,A
3579,A
3580,
3581,A
3582,N
3583,A
3584,A
3585,
3586,A
3587,A
3588,A
3589,H
3590,A
3591,A
3592,M
3593,
3594,A
3595,A
3596,
3597,B
3598,
3599,L
3600,B
3601,B
3602,A
3603,A
3604,B
3605,A
3606,A
3607,A
3608,A
3609,A
3610,
3611,A
3612,A
3613,A
3614,F
3615,H
3616,A
3617,J
3618,A
3619,B
3620,A
3621,A
3622,A
3623,
3624,A
3625,A
3626,A
3627,A
3628,A
3629,L
3630,A
3631,K
3632,B
3633,A
3634,C
3635,P
3636,A
3637,A
3638,A
3639,A
3640,A
3641,M
3642,A
3643,A
3644,A
3645,A
3646,
3647,
3648,F
3649,A
3650,
3651,A
3652,B
3653,M
3654,A
3655,M
3656,A
3657,J
3658,A
3659,H
3660,A
3661,C
3662,A
3663,A
3664,A
3665,M
3666,A
3667,A
3668,B
3669,F
3670,G
3671,C
3672,R
3673,
3674,A
3675,A
3676,A
3677,C
3678,A
3679,A
3680,A
3681,A
3682,
3683,A
3684,
3685,A
3686,J
3687,A
3688,A
3689,A
3690,A
3691,A
3692,N
3693,S
3694,S
3695,A
3696,H
3697,A
3698,B
3699,A
3700,A
3701,N
3702,
3703,A
3704,A
3705,A
3706,A
3707,A
3708,A
3709,A
3710,
3711,H
3712,A
3713,A
3714,A
3715,A
3716,
3717,A
3718,A
3719,A
3720,
3721,A
3722,
3723,A
3724,K
3725,B
3726,
3727,A
3728,A
3729,
3730,E
3731,
3732,
3733,A
3734,R
3735,A
3736,E
3737,P
3738,C
3739,K
3740,A
3741,A
3742,A
3743,C
3744,C
3745,H
3746,A
3747,A
3748,A
3749,C
3750,A
3751,
3752,G
3753,A
3754,A
3755,J
3756,A
3757,A
3758,
3759,J
3760,A
3761,A
3762,A
3763,J
3764,A
3765,B
3766,A
3767,A
3768,A
3769,A
3770,A
3771,A
3772,N
3773,K
3774,A
3775,A
3776,A
3777,N
3778,
3779,A
3780,
3781,A
3782,A
3783,C
3784,A
3785,A
3786,D
3787,A
3788,A
3789,A
3790,H
3791,
3792,A
3793,B
3794,A
3795,
3796,A
3797,H
3798,
3799,A
3800,A
3801,A
3802,A
3803,
3804,A
3805,A
3806,B
3807,A
3808,A
3809,L
3810,
3811,A
3812,A
3813,N
3814,A
3815,A
3816,A
3817,M
3818,A
3819,A
3820,A
3821,C
3822,A
3823,
3824,A
3825,A
3826,
3827,A
3828,A
3829,
3830,A
3831,
3832,A
3833,B
3834,B
3835,A
3836,A
3837,A
3838,A
3839,
3840,A
3841,A
3842,A
3843,A
3844,A
3845,A
3846,A
3847,J
3848,A
3849,C
3850,
3851,M
3852,A
3853,F
3854,A
3855,
3856,C
3857,A
3858,
3859,A
3860,C
3861,
3862,
3863,C
3864,A
3865,A
3866,A
3867,A
3868,
3869,A
3870,A
3871,
3872,C
3873,
3874,G
3875,N
3876,S
3877,A
3878,A
3879,H
3880,
3881,A
3882,
3883,A
3884,A
3885,
3886,A
3887,
3888,B
3889,A
3890,N
3891,A
3892,
3893,C
3894,A
3895,N
3896,A
3897,
3898,A
3899,J
3900,
3901,L
3902,A
3903,E
3904,C
3905,C
3906,
3907,A
3908,B
3909,A
3910,A
3911,A
3912,H
3913,
3914,A
3915,A
3916,A
3917,C
3918,A
3919,B
3920,A
3921,A
3922,
3923,
3924,A
3925,C
3926,A
3927,A
3928,P
3929,A
3930,
3931,G
3932,
3933,L
3934,A
3935,C
3936,
3937,D
3938,A
3939,A
3940,
3941,D
3942,
3943,A
3944,
3945,
3946,N
3947,
3948,
3949,A
3950,
3951,A
3952,B
3953,B
3954,A
3955,
3956,A
3957,A
3958,A
3959,
3960,A
3961,
3962,A
3963,A
3964,A
3965,A
3966,A
3967,A
3968,A
3969,A
3970,N
3971,
3972,A
3973,A
3974,A
3975,
3976,B
3977,
3978,A
3979,A
3980,A
3981,A
3982,B
3983,
3984,A
3985,M
3986,E
3987,
3988,A
3989,A
3990,H
3991,A
3992,
3993,C
3994,R
3995,A
3996,K
3997,B
3998,
3999,A
4000,
4001,
4002,A
4003,B
4004,A
4005,
4006,A
4007,B
4008,A
4009,A
4010,
4011,
4012,A
4013,A
4014,
4015,F
4016,D
4017,A
4018,A
4019,A
4020,N
4021,M
4022,A
4023,
4024,C
4025,M
4026,A
4027,
4028,A
4029,A
4030,A
4031,A
4032,A
4033,A
4034,A
4035,A
4036,A
4037,A
4038,B
4039,A
4040,A
4041,A
4042,B
4043,M
4044,C
4045,
4046,H
4047,A
4048,B
4049,H
4050,M
4051,N
4052,H
4053,A
4054,C
4055,
4056,A
4057,A
4058,A
4059,
4060,A
4061,J
4062,M
4063,N
4064,A
4065,J
4066,C
4067,A
4068,A
4069,
4070,G
4071,A
4072,
4073,A
4074,A
4075,A
4076,
4077,H
4078,A
4079,
4080,B
4081,A
4082,A
4083,B
4084,A
4085,H
4086,A
4087,
4088,S
4089,A
4090,B
4091,A
4092,A
4093,A
4094,S
4095,A
4096,L
4097,J
4098,A
4099,M
4100,N
4101,M
4102,
4103,
4104,M
4105,A
4106,H
4107,H
4108,F
4109,A
4110,
4111,M
4112,N
4113,
4114,C
4115,H
4116,A
4117,A
4118,A
4119,K
4120,A
4121,A
4122,A
4123,
4124,A
4125,K
4126,C
4127,A
4128,A
4129,A
4130,A
4131,J
4132,E
4133,
4134,A
4135,A
4136,B
4137,A
4138,A
4139,A
4140,M
4141,A
4142,
4143,A
4144,A
4145,
4146,A
4147,A
4148,
4149,
4150,A
4151,A
4152,A
4153,N
4154,A
4155,A
4156,
4157,B
4158,
4159,A
4160,J
4161,S
4162,H
4163,S
4164,A
4165,H
4166,A
4167,A
4168,A
4169,A
4170,A
4171,
4172,R
4173,
4174,A
4175,
4176,A
4177,A
4178,
4179,A
4180,A
4181,H
4182,C
4183,A
4184,
4185,N
4186,A
4187,
4188,A
4189,A
4190,A
4191,A
4192,
4193,A
4194,C
4195,C
4196,A
4197,
4198,A
4199,A
4200,F
4201,J
4202,
4203,A
4204,A
4205,
4206,K
4207,J
4208,A
4209,A
4210,A
4211,
4212,A
4213,A
4214,A
4215,
4216,
4217,
4218,N
4219,A
4220,A
4221,A
4222,C
4223,A
4224,A
4225,A
4226,A
4227,B
4228,A
4229,M
4230,
4231,E
4232,M
4233,A
4234,A
4235,
4236,
4237,A
4238,A
4239,A
4240,A
4241,A
4242,H
4243,A
4244,A
4245,
4246,N
4247,
4248,A
4249,
4250,A
4251,A
4252,A
4253,D
4254,M
4255,
4256,
4257,A
4258,A
4259,B
4260,A
4261,S
4262,G
4263,F
4264,C
4265,A
4266,G
4267,B
4268,A
4269,A
4270,A
4271,A
4272,A
4273,N
4274,A
4275,A
4276,A
4277,H
4278,
4279,A
4280,C
4281,A
4282,
4283,A
4284,N
4285,A
4286,A
4287,H
4288,A
4289,A
4290,A
4291,A
4292,A
4293,A
4294,
4295,
4296,
4297,R
4298,A
4299,A
4300,A
4301,
4302,
4303,K
4304,A
4305,N
4306,M
4307,A
4308,A
4309,A
4310,A
4311,A
4312,C
4313,
4314,A
4315,E
4316,A
4317,A
4318,P
4319,A
4320,
4321,
4322,J
4323,A
4324,A
4325,A
4326,A
4327,A
4328,A
4329,N
4330,A
4331,H
4332,S
4333,A
4334,A
4335,A
4336,A
4337,
4338,A
4339,A
4340,A
4341,A
4342,A
4343,A
4344,
4345,H
4346,G
4347,A
4348,A
4349,A
4350,A
4351,M
4352,A
4353,H
4354,B
4355,A
4356,
4357,A
4358,C
4359,A
4360,S
4361,A
4362,L
4363,A
4364,D
4365,A
4366,C
4367,
4368,G
4369,
4370,A
4371,A
4372,A
4373,S
4374,
4375,A
4376,H
4377,M
4378,
4379,C
4380,A
4381,
4382,
4383,A
4384,A
4385,P
4386,A
4387,
4388,N
4389,A
4390,A
4391,H
4392,A
4393,A
4394,A
4395,A
4396,A
4397,A
4398,A
4399,K
4400,A
4401,
4402,A
4403,L
4404,A
4405,
4406,A
4407,K
4408,A
4409,S
4410,A
4411,B
4412,E
4413,A
4414,B
4415,H
4416,A
4417,C
4418,A
4419,J
4420,M
4421,
4422,H
4423,
4424,A
4425,
4426,A
4427,L
4428,
4429,A
4430,A
4431,A
4432,
4433,A
4434,P
4435,A
4436,A
4437,C
4438,A
4439,
4440,A
4441,A
4442,A
4443,A
4444,
4445,F
4446,A
4447,
4448,J
4449,A
4450,
4451,
4452,
4453,A
4454,A
4455,
4456,A
4457,C
4458,A
4459,A
4460,
4461,H
4462,A
4463,F
4464,A
4465,H
4466,A
4467,A
4468,A
4469,A
4470,A
4471,A
4472,A
4473,
4474,
4475,
4476,S
4477,A
4478,A
4479,A
4480,
4481,A
4482,A
4483,N
4484,A
4485,M
4486,M
4487,A
4488,
4489,
4490,B
4491,A
4492,
4493,B
4494,A
4495,S
4496,C
4497,
4498,K
4499,A
4500,A
4501,A
4502,N
4503,A
4504,C
4505,
4506,A
4507,A
4508,L
4509,A
4510,A
4511,A
4512,K
4513,
4514,A
4515,A
4516,M
4517,H
4518,J
4519,
4520,A
4521,A
4522,A
4523,
4524,
4525,
4526,A
4527,A
4528,C
4529,
4530,A
4531,A
4532,A
4533,N
4534,A
4535,A
4536,
4537,A
4538,H
4539,
4540,C
4541,A
4542,A
4543,
4544,
4545,A
4546,M
4547,A
4548,H
4549,M
4550,A
4551,A
4552,A
4553,A
4554,A
4555,B
4556,
4557,M
4558,A
4559,A
4560,G
4561,A
4562,
4563,A
4564,A
4565,A
4566,A
4567,F
4568,A
4569,E
4570,
4571,A
4572,A
4573,
4574,A
4575,
4576,K
4577,A
4578,A
4579,A
4580,A
4581,C
4582,A
4583,
4584,A
4585,A
4586,G
4587,A
4588,
4589,H
4590,A
4591,K
4592,A
4593,A
4594,A
4595,B
4596,A
4597,S
4598,A
4599,H
4600,A
4601,A
4602,A
4603,
4604,
4605,A
4606,A
4607,D
4608,A
4609,A
4610,
4611,H
4612,A
4613,A
4614,B
4615,B
4616,C
4617,A
4618,A
4619,B
4620,D
4621,A
4622,A
4623,
4624,A
4625,A
4626,
4627,J
4628,
4629,A
4630,G
4631,A
4632,L
4633,
4634,A
4635,C
4636,A
4637,A
4638,
4639,F
4640,
4641,
4642,A
4643,M
4644,N
4645,
4646,A
4647,A
4648,
4649,A
4650,A
4651,A
4652,A
4653,A
4654,A
4655,
4656,A
4657,
4658,P
4659,A
4660,S
4661,
4662,A
4663,A
4664,B
4665,
4666,A
4667,M
4668,A
4669,M
4670,A
4671,
4672,A
4673,A
4674,A
4675,A
4676,A
4677,
4678,
4679,A
4680,A
4681,
4682,
4683,
4684,B
4685,G
4686,A
4687,
4688,A
4689,A
4690,R
4691,A
4692,A
4693,E
4694,H
4695,A
4696,
4697,A
4698,
4699,
4700,B
4701,
4702,A
4703,
4704,A
4705,A
4706,B
4707,C
4708,A
4709,H
4710,
4711,A
4712,A
4713,
4714,F
4715,A
4716,
4717,A
4718,A
4719,M
4720,A
4721,A
4722,H
4723,F
4724,A
4725,J
4726,A
4727,A
4728,D
4729,
4730,A
4731,F
4732,
4733,A
4734,
4735,G
4736,B
4737,A
4738,
4739,A
4740,A
4741,A
4742,
4743,A
4744,
4745,N
4746,B
4747,N
4748,
4749,A
4750,A
4751,
4752,M
4753,P
4754,
4755,A
4756,A
4757,A
4758,A
4759,
4760,
4761,
4762,K
4763,C
4764,A
4765,A
4766,A
4767,A
4768,A
4769,J
4770,P
4771,
4772,J
4773,L
4774,G
4775,A
4776,M
4777,A
4778,A
4779,A
4780,
4781,A
4782,A
4783,A
4784,F
4785,A
4786,A
4787,A
4788,K
4789,A
4790,A
4791,
4792,A
4793,A
4794,S
4795,J
4796,M
4797,A
4798,A
4799,E
4800,A
4801,A
4802,A
4803,H
4804,C
4805,D
4806,A
4807,A
4808,
4809,
4810,C
4811,A
4812,A
4813,A
4814,A
4815,
4816,B
4817,
4818,
4819,
4820,
4821,A
4822,A
4823,A
4824,A
4825,S
4826,A
4827,
4828,A
4829,A
4830,N
4831,A
4832,A
4833,
4834,A
4835,C
4836,
4837,A
4838,
4839,A
4840,A
4841,B
4842,C
4843,B
4844,A
4845,
4846,A
4847,A
4848,A
4849,A
4850,A
4851,A
4852,A
4853,B
4854,A
4855,A
4856,A
4857,P
4858,
4859,A
4860,H
4861,A
4862,A
4863,A
4864,A
4865,N
4866,A
4867,A
4868,
4869,A
4870,A
4871,A
4872,A
4873,A
4874,A
4875,A
4876,
4877,A
4878,
4879,N
4880,
4881,H
4882,K
4883,
4884,
4885,A
4886,A
4887,A
4888,A
4889,A
4890,N
4891,A
4892,A
4893,A
4894,A
4895,A
4896,A
4897,
4898,A
4899,E
4900,M
4901,K
4902,
4903,A
4904,R
4905,A
4906,A
4907,A
4908,A
4909,A
4910,K
4911,A
4912,A
4913,A
4914,B
4915,A
4916,A
4917,A
4918,C
4919,M
4920,B
4921,H
4922,A
4923,
4924,B
4925,N
4926,L
4927,A
4928,A
4929,
4930,B
4931,A
4932,A
4933,N
4934,A
4935,A
4936,A
4937,
4938,A
4939,
4940,A
4941,A
4942,
4943,B
4944,A
4945,D
4946,
4947,A
4948,
4949,A
4950,
4951,G
4952,A
4953,A
4954,A
4955,H
4956,C
4957,
4958,P
4959,A
4960,
4961,A
4962,
4963,A
4964,A
4965,A
4966,A
4967,N
4968,A
4969,F
4970,A
4971,A
4972,A
4973,A
4974,A
4975,A
4976,A
4977,A
4978,A
4979,
4980,A
4981,
4982,A
4983,C
4984,M
4985,H
4986,A
4987,A
4988,A
4989,A
4990,
4991,A
4992,R
4993,A
4994,L
4995,A
4996,A
4997,A
4998,C
4999,F
5000,A
5001,B
5002,E
5003,C
5004,C
5005,A
5006,B
5007,J
5008,A
5009,
5010,A
5011,A
5012,A
5013,A
5014,A
5015,J
5016,A
5017,
5018,A
5019,A
5020,A
5021,A
5022,K
5023,A
5024,C
5025,J
5026,
5027,C
5028,A
5029,A
5030,P
5031,A
5032,A
5033,A
5034,
5035,B
5036,A
5037,A
5038,A
5039,
5040,A
5041,
5042,
5043,
5044,A
5045,A
5046,B
5047,A
5048,C
5049,J
5050,A
5051,
5052,A
5053,A
5054,A
5055,A
5056,A
5057,A
5058,A
5059,C
5060,A
5061,
5062,C
5063,A
5064,S
5065,A
5066,A
5067,A
5068,C
5069,A
5070,
5071,A
5072,
5073,A
5074,A
5075,
5076,A
5077,A
5078,C
5079,A
5080,C
5081,
5082,A
5083,H
5084,B
5085,
5086,A
5087,
5088,A
5089,A
5090,
5091,A
5092,A
5093,A
5094,A
5095,
5096,A
5097,A
5098,J
5099,A
5100,H
5101,A
5102,
5103,
5104,A
5105,G
5106,
5107,
5108,B
5109,A
5110,A
5111,A
5112,A
5113,K
5114,
5115,A
5116,A
5117,M
5118,A
5119,C
5120,
5121,B
5122,
5123,
5124,B
5125,A
5126,A
5127,A
5128,A
5129,B
5130,A
5131,N
5132,A
5133,J
5134,A
5135,H
5136,J
5137,A
5138,A
5139,A
5140,A
5141,A
5142,A
5143,A
5144,A
5145,A
5146,A
5147,
5148,A
5149,A
5150,C
5151,
5152,R
5153,A
5154,A
5155,A
5156,
5157,A
5158,A
5159,H
5160,A
5161,A
5162,K
5163,A
5164,A
5165,
5166,A
5167,A
5168,L
5169,A
5170,C
5171,
5172,A
5173,A
5174,
5175,A
5176,
5177,H
5178,A
5179,A
5180,A
5181,P
5182,A
5183,A
5184,A
5185,A
5186,A
5187,
5188,A
5189,A
5190,
5191,A
5192,A
5193,A
5194,P
5195,A
5196,
5197,
5198,A
5199,A
5200,
5201,A
5202,A
5203,G
5204,
5205,P
5206,A
5207,A
5208,
5209,A
5210,A
5211,A
5212,A
5213,E
5214,D
5215,A
5216,A
5217,C
5218,F
5219,A
5220,A
5221,A
5222,C
5223,A
5224,A
5225,A
5226,A
5227,A
5228,K
5229,
5230,A
5231,A
5232,B
5233,A
5234,C
5235,A
5236,
5237,A
5238,A
5239,A
5240,
5241,M
5242,A
5243,B
5244,M
5245,A
5246,A
5247,
5248,B
5249,A
5250,H
5251,
5252,H
5253,A
5254,A
5255,B
5256,F
5257,A
5258,A
5259,A
5260,R
5261,A
5262,
5263,H
5264,A
5265,A
5266,A
5267,B
5268,A
5269,A
5270,K
5271,S
5272,A
5273,A
5274,A
5275,A
5276,A
5277,A
5278,A
5279,A
5280,B
5281,
5282,A
5283,A
5284,
5285,A
5286,A
5287,A
5288,A
5289,A
5290,H
5291,A
5292,K
5293,A
5294,
5295,J
5296,A
5297,A
5298,A
5299,A
5300,A
5301,A
5302,
5303,A
5304,A
5305,A
5306,
5307,A
5308,A
5309,
5310,J
5311,M
5312,L
5313,A
5314,A
5315,A
5316,C
5317,A
5318,C
5319,M
5320,A
5321,
5322,
5323,B
5324,A
5325,C
5326,
5327,A
5328,B
5329,A
5330,R
5331,A
5332,
5333,H
5334,C
5335,A
5336,A
5337,A
5338,M
5339,A
5340,M
5341,A
5342,
5343,A
5344,A
5345,A
5346,
5347,A
5348,A
5349,A
5350,A
5351,A
5352,
5353,
5354,A
5355,A
5356,A
5357,
5358,E
5359,
5360,A
5361,G
5362,
5363,A
5364,A
5365,A
5366,A
5367,A
5368,A
5369,A
5370,A
5371,A
5372,C
5373,R
5374,
5375,
5376,A
5377,
5378,B
5379,B
5380,A
5381,P
5382,A
5383,
5384,M
5385,
5386,A
5387,C
5388,A
5389,A
5390,A
5391,A
5392,A
5393,A
5394,A
5395,A
5396,G
5397,A
5398,A
5399,H
5400,M
5401,A
5402,C
5403,H
5404,J
5405,A
5406,A
5407,A
5408,A
5409,A
5410,A
5411,A
5412,A
5413,A
5414,A
5415,D
5416,A
5417,A
5418,A
5419,
5420,A
5421,
5422,
5423,
5424,A
5425,
5426,A
5427,A
5428,A
5429,
5430,
5431,A
5432,A
5433,
5434,
5435,A
5436,A
5437,A
5438,
5439,
5440,A
5441,S
5442,A
5443,A
5444,A
5445,N
5446,N
5447,
5448,J
5449,
5450,P
5451,A
5452,
5453,A
5454,M
5455,
5456,G
5457,G
5458,A
5459,A
5460,A
5461,A
5462,
5463,A
5464,
5465,A
5466,N
5467,N
5468,
5469,D
5470,B
5471,H
5472,A
5473,A
5474,
5475,
5476,A
5477,
5478,C
5479,N
5480,
5481,P
5482,
5483,A
5484,C
5485,A
5486,B
5487,H
5488,A
5489,
5490,A
5491,A
5492,E
5493,
5494,K
5495,M
5496,A
5497,P
5498,A
5499,A
5500,
5501,
5502,A
5503,A
5504,F
5505,C
5506,A
5507,A
5508,
5509,
5510,A
5511,A
5512,
5513,A
5514,A
5515,A
5516,K
5517,A
5518,A
5519,
5520,C
5521,F
5522,A
5523,N
5524,H
5525,A
5526,A
5527,
5528,
5529,
5530,A
5531,N
5532,A
5533,A
5534,
5535,
5536,A
5537,A
5538,A
5539,D
5540,
5541,G
5542,A
5543,P
5544,A
5545,P
5546,A
5547,A
5548,A
5549,C
5550,A
5551,A
5552,
5553,A
5554,
5555,A
5556,A
5557,A
5558,A
5559,A
5560,N
5561,A
5562,A
5563,A
5564,A
5565,A
5566,A
5567,F
5568,A
5569,A
5570,A
5571,A
5572,H
5573,A
5574,
5575,
5576,
5577,A
5578,A
5579,A
5580,A
5581,A
5582,A
5583,
5584,E
5585,A
5586,
5587,A
5588,H
5589,
5590,A
5591,A
5592,J
5593,L
5594,A
5595,S
5596,C
5597,B
5598,
5599,A
5600,B
5601,A
5602,H
5603,B
5604,A
5605,A
5606,F
5607,A
5608,B
5609,M
5610,A
5611,A
5612,
5613,
5614,A
5615,A
5616,
5617,
5618,A
5619,P
5620,D
5621,A
5622,
5623,C
5624,
5625,
5626,B
5627,A
5628,A
5629,A
5630,A
5631,
5632,A
5633,A
5634,A
5635,A
5636,B
5637,
5638,B
5639,A
5640,A
5641,A
5642,C
5643,B
5644,A
5645,A
5646,
5647,N
5648,A
5649,A
5650,A
5651,M
5652,J
5653,A
5654,A
5655,A
5656,B
5657,A
5658,A
5659,
5660,J
5661,B
5662,B
5663,S
5664,A
5665,A
5666,A
5667,A
5668,A
5669,A
5670,J
5671,B
5672,H
5673,A
5674,A
5675,A
5676,A
5677,D
5678,C
5679,A
5680,A
5681,A
5682,A
5683,A
5684,A
5685,A
5686,A
5687,A
5688,A
5689,A
5690,A
5691,M
5692,A
5693,A
5694,A
5695,A
5696,A
5697,
5698,A
5699,
5700,A
5701,A
5702,A
5703,A
5704,L
5705,E
5706,A
5707,A
5708,A
5709,A
5710,K
5711,C
5712,H
5713,S
5714,R
5715,H
5716,A
5717,P
5718,A
5719,A
5720,B
5721,A
5722,A
5723,E
5724,A
5725,A
5726,A
5727,J
5728,A
5729,B
5730,A
5731,
5732,A
5733,A
5734,H
5735,A
5736,A
5737,
5738,
5739,B
5740,A
5741,
5742,A
5743,B
5744,A
5745,
5746,A
5747,C
5748,B
5749,A
5750,
5751,A
5752,A
5753,A
5754,
5755,A
5756,H
5757,
5758,A
5759,A
5760,A
5761,
5762,A
5763,A
5764,B
5765,A
5766,
5767,A
5768,A
5769,A
5770,A
5771,A
5772,A
5773,A
5774,A
5775,G
5776,M
5777,A
5778,S
5779,A
5780,A
5781,H
5782,A
5783,A
5784,A
5785,A
5786,A
5787,M
5788,A
5789,A
5790,P
5791,B
5792,N
5793,B
5794,H
5795,A
5796,J
5797,M
5798,A
5799,A
5800,B
5801,
5802,A
5803,
5804,B
5805,B
5806,
5807,S
5808,
5809,A
5810,A
5811,A
5812,A
5813,A
5814,A
5815,A
5816,A
5817,A
5818,E
5819,A
5820,J
5821,A
5822,A
5823,A
5824,A
5825,A
5826,
5827,L
5828,B
5829,
5830,
5831,B
5832,A
5833,H
5834,R
5835,A
5836,A
5837,C
5838,D
5839,P
5840,
5841,S
5842,
5843,A
5844,M
5845,A
5846,B
5847,
5848,N
5849,R
5850,A
5851,A
5852,S
5853,A
5854,
5855,C
5856,A
5857,
5858,R
5859,A
5860,C
5861,A
5862,A
5863,A
5864,A
5865,N
5866,B
5867,B
5868,
5869,
5870,A
5871,N
5872,A
5873,A
5874,C
5875,K
5876,B
5877,C
5878,A
5879,B
5880,A
5881,A
5882,
5883,A
5884,G
5885,C
5886,J
5887,M
5888,
5889,A
5890,A
5891,C
5892,A
5893,A
5894,A
5895,A
5896,M
5897,A
5898,A
5899,A
5900,H
5901,
5902,C
5903,A
5904,A
5905,K
5906,M
5907,
5908,
5909,A
5910,C
5911,A
5912,A
5913,A
5914,C
5915,A
5916,A
5917,A
5918,A
5919,A
5920,C
5921,C
5922,
5923,A
5924,
5925,J
5926,K
5927,H
5928,A
5929,
5930,A
5931,
5932,A
5933,A
5934,A
5935,
5936,A
5937,A
5938,A
5939,N
5940,A
5941,
5942,H
5943,A
5944,A
5945,J
5946,A
5947,
5948,A
5949,A
5950,P
5951,A
5952,J
5953,
5954,A
5955,H
5956,A
5957,N
5958,A
5959,
5960,A
5961,B
5962,A
5963,B
5964,A
5965,
5966,A
5967,M
5968,
5969,A
5970,A
5971,F
5972,H
5973,C
5974,A
5975,A
5976,B
5977,A
5978,A
5979,
5980,A
5981,E
5982,C
5983,A
5984,H
5985,A
5986,M
5987,
5988,A
5989,C
5990,R
5991,A
5992,
5993,
5994,
5995,
5996,
5997,A
5998,M
5999,
6000,
6001,S
6002,A
6003,B
6004,
6005,A
6006,A
6007,B
6008,A
6009,R
6010,P
6011,H
6012,A
6013,R
6014,A
6015,
6016,A
6017,A
6018,A
6019,B
6020,A
6021,S
6022,C
6023,
6024,D
6025,F
6026,A
6027,
6028,S
6029,A
6030,A
6031,L
6032,
6033,A
6034,A
6035,N
6036,A
6037,A
6038,M
6039,A
6040,
6041,A
6042,A
6043,D
6044,A
6045,
6046,A
6047,A
6048,
6049,B
6050,B
6051,A
6052,G
6053,D
6054,M
6055,A
6056,A
6057,A
6058,A
6059,A
6060,A
6061,A
6062,A
6063,
6064,E
6065,A
6066,A
6067,A
6068,B
6069,A
6070,K
6071,A
6072,A
6073,A
6074,A
6075,A
6076,H
6077,A
6078,A
6079,B
6080,R
6081,B
6082,
6083,
6084,N
6085,A
6086,J
6087,A
6088,H
6089,A
6090,
6091,
6092,A
6093,A
6094,A
6095,
6096,
6097,M
6098,C
6099,A
6100,A
6101,A
6102,R
6103,A
6104,J
6105,A
6106,D
6107,
6108,A
6109,A
6110,A
6111,A
6112,A
6113,A
6114,A
6115,
6116,C
6117,
6118,A
6119,B
6120,A
6121,A
6122,C
6123,L
6124,A
6125,B
6126,B
6127,A
6128,A
6129,A
6130,A
6131,A
6132,H
6133,A
6134,A
6135,A
6136,A
6137,A
6138,A
6139,H
6140,
6141,
6142,M
6143,H
6144,
6145,A
6146,G
6147,
6148,S
6149,A
6150,A
6151,A
6152,
6153,B
6154,A
6155,F
6156,
6157,
6158,A
6159,A
6160,C
6161,A
6162,J
6163,G
6164,C
6165,A
6166,H
6167,
6168,A
6169,A
6170,H
6171,A
6172,A
6173,A
6174,A
6175,A
6176,A
6177,
6178,A
6179,A
6180,N
6181,
6182,
6183,
6184,
6185,H
6186,E
6187,A
6188,A
6189,
6190,A
6191,A
6192,A
6193,A
6194,
6195,A
6196,A
6197,A
6198,M
6199,A
6200,
6201,F
6202,M
6203,A
6204,A
6205,E
6206,A
6207,A
6208,
6209,A
6210,L
6211,A
6212,M
6213,A
6214,
6215,A
6216,A
6217,A
6218,J
6219,E
6220,A
6221,
6222,B
6223,
6224,A
6225,P
6226,N
6227,A
6228,A
6229,A
6230,
6231,A
6232,H
6233,
6234,A
6235,A
6236,A
6237,
6238,A
6239,
6240,A
6241,R
6242,F
6243,A
6244,
6245,C
6246,A
6247,E
6248,A
6249,
6250,A
6251,
6252,A
6253,
6254,
6255,A
6256,
6257,F
6258,A
6259,A
6260,H
6261,A
6262,A
6263,
6264,B
6265,H
6266,M
6267,A
6268,B
6269,A
6270,
6271,H
6272,
6273,
6274,A
6275,A
6276,A
6277,A
6278,A
6279,A
6280,H
6281,
6282,A
6283,B
6284,A
6285,B
6286,H
6287,A
6288,
6289,A
6290,C
6291,
6292,A
6293,H
6294,A
6295,A
6296,K
6297,
6298,
6299,A
6300,
6301,
6302,A
6303,A
6304,
6305,A
6306,B
6307,M
6308,A
6309,K
6310,A
6311,D
6312,A
6313,
6314,A
6315,A
6316,A
6317,
6318,A
6319,A
6320,A
6321,A
6322,A
6323,A
6324,A
6325,A
6326,A
6327,
6328,A
6329,
6330,A
6331,A
6332,A
6333,A
6334,
6335,B
6336,A
6337,B
6338,A
6339,
6340,A
6341,M
6342,C
6343,A
6344,A
6345,A
6346,J
6347,D
6348,M
6349,A
6350,A
6351,R
6352,A
6353,A
6354,A
6355,
6356,
6357,
6358,B
6359,A
6360,A
6361,A
6362,
6363,A
6364,P
6365,A
6366,A
6367,
6368,B
6369,A
6370,A
6371,B
6372,A
6373,A
6374,A
6375,A
6376,A
6377,A
6378,N
6379,A
6380,A
6381,H
6382,A
6383,
6384,A
6385,H
6386,A
6387,A
6388,A
6389,A
6390,A
6391,A
6392,
6393,
6394,A
6395,A
6396,J
6397,A
6398,A
6399,
6400,A
6401,A
6402,S
6403,A
6404,M
6405,A
6406,A
6407,L
6408,A
6409,A
6410,L
6411,A
6412,A
6413,
6414,A
6415,C
6416,D
6417,A
6418,A
6419,A
6420,
6421,
6422,B
6423,A
6424,
6425,
6426,A
6427,
6428,A
6429,A
6430,A
6431,A
6432,
6433,S
6434,
6435,B
6436,A
6437,A
6438,L
6439,A
6440,A
6441,H
6442,
6443,
6444,A
6445,A
6446,A
6447,
6448,A
6449,B
6450,M
6451,A
6452,
6453,A
6454,
6455,
6456,A
6457,A
6458,
6459,A
6460,A
6461,
6462,A
6463,A
6464,L
6465,A
6466,A
6467,A
6468,A
6469,A
6470,D
6471,
6472,A
6473,A
6474,H
6475,
6476,A
6477,
6478,R
6479,A
6480,A
6481,
6482,A
6483,B
6484,A
6485,N
6486,A
6487,
6488,H
6489,R
6490,A
6491,
6492,A
6493,
6494,A
6495,B
6496,A
6497,
6498,
6499,A
6500,
6501,C
6502,A
6503,A
6504,
6505,A
6506,
6507,A
6508,
6509,A
6510,N
6511,A
6512,A
6513,C
6514,A
6515,H
6516,
6517,C
6518,A
6519,A
6520,A
6521,A
6522,
6523,
6524,A
6525,H
6526,
6527,A
6528,A
6529,A
6530,A
6531,A
6532,A
6533,F
6534,A
6535,B
6536,A
6537,C
6538,
6539,B
6540,A
6541,A
6542,A
6543,M
6544,A
6545,A
6546,S
6547,H
6548,A
6549,A
6550,H
6551,S
6552,A
6553,A
6554,G
6555,B
6556,P
6557,A
6558,A
6559,A
6560,A
6561,A
6562,A
6563,A
6564,A
6565,A
6566,A
6567,C
6568,A
6569,
6570,M
6571,A
6572,D
6573,A
6574,A
6575,A
6576,A
6577,
6578,A
6579,A
6580,
6581,A
6582,A
6583,A
6584,A
6585,A
6586,A
6587,A
6588,A
6589,A
6590,H
6591,A
6592,A
6593,
6594,A
6595,A
6596,C
6597,
6598,
6599,J
6600,N
6601,A
6602,A
6603,
6604,
6605,
6606,A
6607,C
6608,A
6609,A
6610,A
6611,
6612,M
6613,C
6614,A
6615,B
6616,A
6617,A
6618,B
6619,E
6620,A
6621,B
6622,B
6623,
6624,M
6625,A
6626,A
6627,A
6628,A
6629,A
6630,A
6631,A
6632,A
6633,A
6634,D
6635,C
6636,N
6637,C
6638,A
6639,
6640,
6641,A
6642,B
6643,A
6644,A
6645,E
6646,
6647,A
6648,A
6649,A
6650,A
6651,A
6652,A
6653,
6654,A
6655,A
6656,C
6657,H
6658,A
6659,A
6660,H
6661,
6662,A
6663,
6664,
6665,
6666,B
6667,C
6668,A
6669,
6670,A
6671,A
6672,
6673,A
6674,A
6675,
6676,
6677,N
6678,A
6679,N
6680,A
6681,D
6682,A
6683,A
6684,A
6685,A
6686,A
6687,C
6688,A
6689,A
6690,M
6691,A
6692,
6693,A
6694,J
6695,A
6696,A
6697,B
6698,A
6699,A
6700,N
6701,
6702,C
6703,N
6704,D
6705,C
6706,A
6707,A
6708,A
6709,
6710,A
6711,A
6712,A
6713,A
6714,A
6715,A
6716,
6717,A
6718,C
6719,P
6720,A
6721,A
6722,H
6723,H
6724,A
6725,
6726,R
6727,A
6728,A
6729,A
6730,A
6731,A
6732,A
6733,P
6734,A
6735,A
6736,A
6737,H
6738,A
6739,A
6740,C
6741,F
6742,
6743,
6744,A
6745,
6746,
6747,A
6748,
6749,A
6750,
6751,C
6752,A
6753,A
6754,A
6755,A
6756,
6757,A
6758,A
6759,A
6760,A
6761,E
6762,B
6763,K
6764,A
6765,A
6766,N
6767,A
6768,P
6769,A
6770,A
6771,A
6772,
6773,
6774,
6775,A
6776,G
6777,C
6778,A
6779,
6780,
6781,
6782,R
6783,H
6784,C
6785,A
6786,A
6787,B
6788,A
6789,P
6790,C
6791,
6792,A
6793,C
6794,A
6795,A
6796,
6797,A
6798,A
6799,J
6800,
6801,C
6802,
6803,S
6804,N
6805,H
6806,
6807,A
6808,A
6809,A
6810,A
6811,
6812,A
6813,A
6814,A
6815,A
6816,A
6817,B
6818,A
6819,A
6820,A
6821,S
6822,G
6823,A
6824,B
6825,
6826,A
6827,B
6828,A
6829,A
6830,A
6831,A
6832,B
6833,A
6834,A
6835,A
6836,E
6837,G
6838,C
6839,A
6840,D
6841,
6842,A
6843,N
6844,A
6845,K
6846,
6847,A
6848,A
6849,H
6850,A
6851,A
6852,C
6853,
6854,B
6855,A
6856,A
6857,B
6858,A
6859,A
6860,
6861,H
6862,
6863,A
6864,J
6865,A
6866,A
6867,A
6868,C
6869,A
6870,A
6871,A
6872,A
6873,B
6874,R
6875,A
6876,A
6877,
6878,E
6879,A
6880,B
6881,M
6882,
6883,M
6884,A
6885,A
6886,A
6887,B
6888,J
6889,D
6890,A
6891,
6892,A
6893,A
6894,A
6895,A
6896,C
6897,A
6898,
6899,A
6900,A
6901,K
6902,C
6903,A
6904,A
6905,N
6906,K
6907,A
6908,A
6909,A
6910,L
6911,A
6912,
6913,E
6914,J
6915,
6916,
6917,A
6918,B
6919,H
6920,A
6921,N
6922,M
6923,H
6924,A
6925,B
6926,A
6927,A
6928,A
6929,A
6930,A
6931,A
6932,A
6933,C
6934,A
6935,A
6936,
6937,A
6938,A
6939,A
6940,A
6941,H
6942,A
6943,C
6944,A
6945,A
6946,A
6947,A
6948,D
6949,A
6950,A
6951,B
6952,A
6953,C
6954,A
6955,
6956,A
6957,A
6958,C
6959,A
6960,A
6961,K
6962,A
6963,A
6964,
6965,A
6966,A
6967,A
6968,A
6969,A
6970,
6971,
6972,B
6973,C
6974,
6975,A
6976,B
6977,A
6978,A
6979,
6980,J
6981,A
6982,
6983,H
6984,E
6985,P
6986,B
6987,
6988,A
6989,N
6990,A
6991,B
6992,
6993,A
6994,
6995,
6996,A
6997,A
6998,S
6999,N
7000,A
7001,G
7002,F
7003,A
7004,A
7005,A
7006,
7007,H
7008,A
7009,B
7010,A
7011,
7012,A
7013,A
7014,A
7015,A
7016,A
7017,
7018,A
7019,A
7020,J
7021,A
7022,A
7023,A
7024,
7025,A
7026,A
7027,
7028,A
7029,A
7030,A
7031,
7032,
7033,C
7034,A
7035,C
7036,A
7037,M
7038,A
7039,
7040,
7041,A
7042,A
7043,D
7044,F
7045,R
7046,A
7047,A
7048,A
7049,A
7050,A
7051,
7052,A
7053,
7054,A
7055,M
7056,B
7057,H
7058,A
7059,C
7060,
7061,N
7062,M
7063,P
7064,A
7065,A
7066,D
7067,
7068,A
7069,
7070,A
7071,A
7072,A
7073,
7074,A
7075,A
7076,A
7077,N
7078,C
7079,A
7080,A
7081,
7082,A
7083,A
7084,A
7085,
7086,A
7087,H
7088,G
7089,A
7090,A
7091,A
7092,A
7093,A
7094,B
7095,A
7096,A
7097,M
7098,A
7099,
7100,A
7101,A
7102,A
7103,M
7104,B
7105,A
7106,K
7107,J
7108,A
7109,D
7110,
7111,A
7112,C
7113,
7114,B
7115,
7116,
7117,
7118,A
7119,A
7120,K
7121,J
7122,A
7123,A
7124,A
7125,H
7126,N
7127,B
7128,
7129,A
7130,L
7131,H
7132,A
7133,A
7134,A
7135,C
7136,H
7137,A
7138,C
7139,A
7140,P
7141,A
7142,A
7143,A
7144,A
7145,C
7146,B
7147,A
7148,A
7149,A
7150,
7151,A
7152,A
7153,
7154,
7155,C
7156,A
7157,A
7158,A
7159,A
7160,
7161,
7162,A
7163,A
7164,A
7165,A
7166,A
7167,A
7168,H
7169,A
7170,A
7171,A
7172,A
7173,A
7174,A
7175,C
7176,A
7177,A
7178,
7179,B
7180,A
7181,H
7182,L
7183,A
7184,A
7185,A
7186,A
7187,
7188,A
7189,B
7190,
7191,A
7192,A
7193,
7194,S
7195,
7196,A
7197,A
7198,A
7199,A
7200,
7201,C
7202,A
7203,A
7204,
7205,
7206,N
7207,A
7208,
7209,N
7210,H
7211,A
7212,N
7213,A
7214,A
7215,A
7216,A
7217,A
7218,
7219,E
7220,C
7221,A
7222,G
7223,C
7224,A
7225,B
7226,
7227,A
7228,A
7229,A
7230,A
7231,
7232,A
7233,
7234,
7235,
7236,A
7237,A
7238,
7239,N
7240,A
7241,J
7242,A
7243,A
7244,A
7245,B
7246,K
7247,B
7248,R
7249,G
7250,A
7251,R
7252,A
7253,A
7254,A
7255,H
7256,C
7257,
7258,A
7259,B
7260,C
7261,
7262,P
7263,A
7264,A
7265,
7266,A
7267,A
7268,A
7269,A
7270,
7271,A
7272,
7273,A
7274,A
7275,A
7276,A
7277,
7278,A
7279,
7280,E
7281,H
7282,A
7283,B
7284,A
7285,A
7286,
7287,
7288,A
7289,J
7290,A
7291,B
7292,A
7293,
7294,R
7295,A
7296,
7297,A
7298,A
7299,A
7300,J
7301,R
7302,A
7303,A
7304,A
7305,A
7306,A
7307,C
7308,N
7309,
7310,D
7311,J
7312,C
7313,A
7314,C
7315,C
7316,
7317,M
7318,A
7319,
7320,A
7321,R
7322,A
7323,P
7324,C
7325,M
7326,A
7327,C
7328,C
7329,A
7330,M
7331,A
7332,A
7333,A
7334,
7335,A
7336,
7337,A
7338,A
7339,A
7340,A
7341,A
7342,A
7343,A
7344,
7345,
7346,E
7347,A
7348,A
7349,M
7350,A
7351,A
7352,
7353,
7354,A
7355,
7356,A
7357,
7358,A
7359,D
7360,A
7361,A
7362,C
7363,
7364,A
7365,
7366,B
7367,H
7368,A
7369,A
7370,
7371,
7372,A
7373,A
7374,A
7375,A
7376,A
7377,P
7378,
7379,A
7380,R
7381,A
7382,A
7383,
7384,
7385,H
7386,A
7387,
7388,
7389,A
7390,
7391,
7392,A
7393,A
7394,B
7395,A
7396,A
7397,A
7398,C
7399,
7400,M
7401,B
7402,A
7403,A
7404,A
7405,A
7406,A
7407,A
7408,B
7409,S
7410,B
7411,A
7412,A
7413,A
7414,R
7415,L
7416,A
7417,A
7418,A
7419,A
7420,
7421,A
7422,C
7423,M
7424,
7425,A
7426,A
7427,A
7428,A
7429,A
7430,A
7431,B
7432,A
7433,
7434,
7435,C
7436,A
7437,A
7438,F
7439,A
7440,
7441,A
7442,J
7443,A
7444,A
7445,
7446,C
7447,A
7448,A
7449,A
7450,N
7451,A
7452,
7453,
7454,A
7455,
7456,A
7457,C
7458,A
7459,
7460,J
7461,A
7462,
7463,A
7464,C
7465,H
7466,
7467,B
7468,A
7469,C
7470,A
7471,A
7472,
7473,A
7474,A
7475,A
7476,D
7477,A
7478,A
7479,F
7480,A
7481,A
7482,A
7483,
7484,
7485,
7486,A
7487,
7488,P
7489,C
7490,A
7491,A
7492,A
7493,
7494,A
7495,
7496,
7497,A
7498,L
7499,A
7500,A
7501,E
7502,A
7503,A
7504,
7505,H
7506,A
7507,J
7508,R
7509,A
7510,
7511,A
7512,A
7513,A
7514,A
7515,A
7516,A
7517,A
7518,
7519,P
7520,A
7521,N
7522,H
7523,
7524,B
7525,
7526,A
7527,
7528,
7529,A
7530,
7531,
7532,C
7533,A
7534,A
7535,S
7536,F
7537,H
7538,A
7539,N
7540,
7541,A
7542,
7543,H
7544,C
7545,A
7546,A
7547,C
7548,A
7549,
7550,A
7551,A
7552,C
7553,C
7554,
7555,C
7556,H
7557,A
7558,G
7559,
7560,A
7561,A
7562,A
7563,A
7564,A
7565,A
7566,A
7567,A
7568,F
7569,A
7570,H
7571,A
7572,A
7573,A
7574,A
7575,A
7576,B
7577,A
7578,
7579,F
7580,C
7581,A
7582,A
7583,J
7584,
7585,A
7586,A
7587,
7588,A
7589,A
7590,A
7591,A
7592,N
7593,H
7594,H
7595,A
7596,C
7597,A
7598,A
7599,A
7600,A
7601,A
7602,
7603,B
7604,H
7605,C
7606,N
7607,R
7608,A
7609,A
7610,A
7611,J
7612,A
7613,A
7614,A
7615,A
7616,A
7617,A
7618,A
7619,A
7620,A
7621,D
7622,A
7623,J
7624,A
7625,A
7626,N
7627,
7628,
7629,H
7630,M
7631,A
7632,C
7633,A
7634,C
7635,A
7636,
7637,A
7638,
7639,D
7640,A
7641,D
7642,A
7643,K
7644,B
7645,A
7646,
7647,J
7648,
7649,B
7650,A
7651,
7652,A
7653,A
7654,A
7655,A
7656,M
7657,
7658,A
7659,
7660,A
7661,A
7662,C
7663,A
7664,N
7665,A
7666,J
7667,A
7668,N
7669,
7670,
7671,A
7672,
7673,A
7674,B
7675,A
7676,B
7677,
7678,A
7679,L
7680,A
7681,A
7682,A
7683,A
7684,A
7685,
7686,A
7687,C
7688,
7689,A
7690,A
7691,A
7692,A
7693,S
7694,A
7695,K
7696,A
7697,A
7698,
7699,
7700,F
7701,
7702,A
7703,B
7704,
7705,
7706,A
7707,A
7708,S
7709,A
7710,
7711,A
7712,E
7713,A
7714,N
7715,R
7716,
7717,F
7718,B
7719,
7720,A
7721,
7722,A
7723,A
7724,H
7725,A
7726,J
7727,M
7728,
7729,K
7730,A
7731,A
7732,A
7733,A
7734,A
7735,S
7736,H
7737,A
7738,N
7739,C
7740,H
7741,A
7742,A
7743,
7744,A
7745,
7746,A
7747,B
7748,L
7749,A
7750,A
7751,A
7752,A
7753,
7754,A
7755,
7756,F
7757,
7758,A
7759,
7760,A
7761,B
7762,A
7763,A
7764,N
7765,
7766,J
7767,A
7768,C
7769,
7770,A
7771,A
7772,A
7773,J
7774,A
7775,M
7776,A
7777,B
7778,K
7779,A
7780,A
7781,A
7782,
7783,
7784,
7785,A
7786,A
7787,A
7788,A
7789,
7790,A
7791,A
7792,A
7793,A
7794,A
7795,D
7796,A
7797,A
7798,A
7799,A
7800,A
7801,A
7802,C
7803,A
7804,A
7805,A
7806,
7807,A
7808,L
7809,A
7810,
7811,
7812,A
7813,A
7814,A
7815,
7816,A
7817,
7818,A
7819,A
7820,
7821,A
7822,A
7823,D
7824,A
7825,A
7826,A
7827,C
7828,B
7829,D
7830,A
7831,A
7832,H
7833,C
7834,
7835,A
7836,G
7837,M
7838,A
7839,A
7840,A
7841,B
7842,A
7843,H
7844,H
7845,A
7846,A
7847,P
7848,A
7849,A
7850,A
7851,
7852,C
7853,B
7854,A
7855,
7856,
7857,A
7858,C
7859,A
7860,A
7861,A
7862,C
7863,S
7864,A
7865,A
7866,
7867,A
7868,
7869,A
7870,A
7871,A
7872,H
7873,A
7874,A
7875,A
7876,A
7877,A
7878,
7879,M
7880,A
7881,A
7882,H
7883,B
7884,A
7885,A
7886,A
7887,
7888,L
7889,M
7890,A
7891,K
7892,A
7893,B
7894,A
7895,A
7896,A
7897,A
7898,E
7899,A
7900,A
7901,
7902,A
7903,A
7904,A
7905,A
7906,A
7907,M
7908,B
7909,A
7910,A
7911,N
7912,A
7913,
7914,A
7915,P
7916,A
7917,E
7918,R
7919,A
7920,G
7921,S
7922,P
7923,A
7924,J
7925,A
7926,A
7927,C
7928,B
7929,
7930,C
7931,A
7932,A
7933,A
7934,A
7935,S
7936,A
7937,A
7938,A
7939,D
7940,N
7941,
7942,G
7943,A
7944,A
7945,A
7946,A
7947,A
7948,E
7949,A
7950,
7951,A
7952,A
7953,
7954,P
7955,A
7956,
7957,A
7958,L
7959,B
7960,A
7961,A
7962,
7963,A
7964,A
7965,M
7966,N
7967,
7968,A
7969,A
7970,A
7971,H
7972,A
7973,
7974,A
7975,
7976,K
7977,A
7978,A
7979,A
7980,A
7981,
7982,
7983,B
7984,A
7985,
7986,A
7987,
7988,A
7989,A
7990,
7991,A
7992,
7993,C
7994,R
7995,
7996,D
7997,R
7998,J
7999,A
8000,H
8001,A
8002,B
8003,P
8004,
8005,D
8006,
8007,A
8008,A
8009,A
8010,
8011,A
8012,
8013,L
8014,A
8015,A
8016,A
8017,A
8018,A
8019,A
8020,A
8021,C
8022,A
8023,B
8024,A
8025,A
8026,C
8027,A
8028,C
8029,A
8030,A
8031,A
8032,A
8033,A
8034,E
8035,K
8036,A
8037,A
8038,B
8039,A
8040,A
8041,
8042,H
8043,A
8044,A
8045,
8046,A
8047,
8048,A
8049,A
8050,A
8051,A
8052,A
8053,K
8054,C
8055,H
8056,A
8057,C
8058,A
8059,H
8060,A
8061,N
8062,A
8063,
8064,A
8065,A
8066,A
8067,B
8068,G
8069,H
8070,A
8071,A
8072,A
8073,A
8074,
8075,
8076,
8077,D
8078,A
8079,A
8080,A
8081,A
8082,K
8083,A
8084,A
8085,
8086,A
8087,
8088,H
8089,A
8090,D
8091,N
8092,A
8093,A
8094,A
8095,M
8096,P
8097,B
8098,L
8099,C
8100,K
8101,A
8102,
8103,A
8104,A
8105,
8106,A
8107,J
8108,
8109,
8110,B
8111,A
8112,A
8113,
8114,E
8115,C
8116,C
8117,A
8118,C
8119,A
8120,A
8121,A
8122,B
8123,A
8124,
8125,A
8126,C
8127,A
8128,A
8129,H
8130,A
8131,G
8132,A
8133,A
8134,A
8135,A
8136,P
8137,
8138,A
8139,A
8140,M
8141,
8142,A
8143,A
8144,K
8145,B
8146,A
8147,A
8148,A
8149,A
8150,B
8151,
8152,A
8153,
8154,A
8155,A
8156,A
8157,A
8158,
8159,A
8160,C
8161,B
8162,A
8163,A
8164,
8165,A
8166,
8167,A
8168,A
8169,A
8170,A
8171,
8172,A
8173,A
8174,A
8175,C
8176,A
8177,
8178,A
8179,M
8180,A
8181,
8182,B
8183,A
8184,
8185,K
8186,P
8187,A
8188,A
8189,A
8190,S
8191,C
8192,C
8193,A
8194,J
8195,A
8196,A
8197,A
8198,A
8199,A
8200,A
8201,A
8202,N
8203,A
8204,A
8205,C
8206,A
8207,B
8208,A
8209,E
8210,A
8211,A
8212,A
8213,A
8214,A
8215,A
8216,A
8217,A
8218,A
8219,A
8220,S
8221,B
8222,C
8223,
8224,A
8225,S
8226,K
8227,A
8228,
8229,H
8230,
8231,A
8232,J
8233,A
8234,A
8235,A
8236,B
8237,N
8238,A
8239,A
8240,A
8241,A
8242,
8243,B
8244,A
8245,
8246,D
8247,A
8248,
8249,A
8250,A
8251,A
8252,
8253,A
8254,A
8255,A
8256,A
8257,A
8258,
8259,B
8260,
8261,A
8262,B
8263,M
8264,A
8265,C
8266,H
8267,
8268,A
8269,C
8270,A
8271,A
8272,B
8273,
8274,C
8275,
8276,A
8277,A
8278,A
8279,
8280,H
8281,A
8282,R
8283,A
8284,A
8285,A
8286,A
8287,
8288,K
8289,A
8290,B
8291,A
8292,A
8293,K
8294,
8295,A
8296,L
8297,A
8298,J
8299,
8300,A
8301,A
8302,
8303,A
8304,
8305,
8306,A
8307,
8308,
8309,H
8310,A
8311,A
8312,A
8313,
8314,A
8315,
8316,C
8317,
8318,C
8319,B
8320,H
8321,D
8322,A
8323,A
8324,A
8325,A
8326,A
8327,
8328,A
8329,
8330,A
8331,M
8332,B
8333,A
8334,A
8335,
8336,
8337,A
8338,A
8339,F
8340,A
8341,A
8342,A
8343,B
8344,A
8345,A
8346,A
8347,A
8348,B
8349,N
8350,A
8351,A
8352,A
8353,A
8354,M
8355,M
8356,
8357,A
8358,A
8359,
8360,A
8361,A
8362,C
8363,A
8364,C
8365,A
8366,
8367,A
8368,A
8369,A
8370,A
8371,E
8372,A
8373,A
8374,P
8375,J
8376,
8377,F
8378,A
8379,A
8380,A
8381,A
8382,A
8383,A
8384,A
8385,N
8386,H
8387,A
8388,B
8389,
8390,A
8391,B
8392,C
8393,A
8394,A
8395,A
8396,
8397,A
8398,A
8399,H
8400,B
8401,
8402,A
8403,A
8404,H
8405,A
8406,C
8407,A
8408,
8409,C
8410,F
8411,P
8412,A
8413,A
8414,J
8415,
8416,A
8417,A
8418,B
8419,
8420,A
8421,A
8422,A
8423,
8424,F
8425,
8426,A
8427,A
8428,A
8429,A
8430,E
8431,A
8432,A
8433,A
8434,A
8435,A
8436,
8437,B
8438,A
8439,A
8440,A
8441,A
8442,B
8443,
8444,A
8445,C
8446,A
8447,A
8448,A
8449,A
8450,A
8451,A
8452,A
8453,A
8454,A
8455,A
8456,A
8457,A
8458,A
8459,A
8460,S
8461,A
8462,C
8463,A
8464,A
8465,C
8466,A
8467,
8468,A
8469,A
8470,A
8471,A
8472,A
8473,G
8474,A
8475,A
8476,
8477,A
8478,M
8479,
8480,A
8481,
8482,A
8483,R
8484,E
8485,A
8486,
8487,F
8488,P
8489,A
8490,A
8491,A
8492,D
8493,
8494,
8495,R
8496,
8497,G
8498,A
8499,A
8500,A
8501,A
8502,A
8503,A
8504,A
8505,A
8506,A
8507,A
8508,A
8509,A
8510,A
8511,A
8512,B
8513,
8514,A
8515,A
8516,
8517,D
8518,H
8519,A
8520,A
8521,
8522,A
8523,K
8524,H
8525,A
8526,
8527,
8528,J
8529,A
8530,C
8531,
8532,A
8533,M
8534,D
8535,C
8536,R
8537,F
8538,H
8539,A
8540,A
8541,A
8542,A
8543,J
8544,A
8545,A
8546,
8547,
8548,
8549,A
8550,A
8551,A
8552,
8553,A
8554,
8555,A
8556,A
8557,B
8558,A
8559,B
8560,C
8561,A
8562,A
8563,
8564,J
8565,C
8566,C
8567,C
8568,A
8569,N
8570,A
8571,A
8572,
8573,A
8574,
8575,
8576,H
8577,
8578,H
8579,A
8580,A
8581,A
8582,A
8583,A
8584,
8585,A
8586,A
8587,A
8588,M
8589,B
8590,
8591,A
8592,F
8593,A
8594,G
8595,A
8596,A
8597,C
8598,A
8599,A
8600,A
8601,S
8602,A
8603,N
8604,A
8605,A
8606,
8607,
8608,A
8609,A
8610,A
8611,S
8612,A
8613,C
8614,E
8615,A
8616,E
8617,A
8618,A
8619,L
8620,A
8621,B
8622,A
8623,A
8624,A
8625,M
8626,A
8627,A
8628,A
8629,A
8630,A
8631,H
8632,
8633,
8634,A
8635,A
8636,A
8637,A
8638,A
8639,A
8640,
8641,B
8642,A
8643,A
8644,A
8645,A
8646,A
8647,A
8648,A
8649,A
8650,A
8651,B
8652,A
8653,
8654,
8655,A
8656,K
8657,A
8658,A
8659,L
8660,
8661,A
8662,
8663,A
8664,A
8665,A
8666,A
8667,A
8668,A
8669,A
8670,A
8671,B
8672,B
8673,A
8674,A
8675,
8676,A
8677,A
8678,
8679,A
8680,G
8681,M
8682,A
8683,C
8684,
8685,A
8686,A
8687,K
8688,G
8689,
8690,B
8691,
8692,C
8693,A
8694,A
8695,A
8696,A
8697,L
8698,
8699,
8700,
8701,G
8702,A
8703,C
8704,M
8705,A
8706,H
8707,
8708,A
8709,A
8710,D
8711,A
8712,A
8713,A
8714,N
8715,
8716,A
8717,A
8718,A
8719,C
8720,A
8721,A
8722,C
8723,
8724,
8725,E
8726,
8727,A
8728,A
8729,G
8730,B
8731,A
8732,
8733,A
8734,A
8735,A
8736,A
8737,C
8738,
8739,L
8740,B
8741,A
8742,A
8743,A
8744,F
8745,A
8746,A
8747,
8748,A
8749,A
8750,A
8751,
8752,B
8753,J
8754,A
8755,A
8756,A
8757,
8758,A
8759,A
8760,A
8761,A
8762,A
8763,J
8764,M
8765,J
8766,A
8767,A
8768,A
8769,R
8770,K
8771,C
8772,C
8773,
8774,C
8775,A
8776,
8777,A
8778,
8779,A
8780,B
8781,
8782,A
8783,G
8784,A
8785,C
8786,A
8787,A
8788,A
8789,A
8790,B
8791,A
8792,A
8793,C
8794,A
8795,A
8796,A
8797,
8798,A
8799,N
8800,J
8801,A
8802,A
8803,
8804,A
8805,
8806,M
8807,M
8808,
8809,C
8810,C
8811,H
8812,A
8813,
8814,A
8815,A
8816,G
8817,A
8818,B
8819,A
8820,R
8821,P
8822,C
8823,A
8824,A
8825,A
8826,J
8827,
8828,A
8829,N
8830,B
8831,A
8832,A
8833,A
8834,
8835,A
8836,B
8837,F
8838,A
8839,
8840,A
8841,A
8842,
8843,
8844,A
8845,C
8846,A
8847,B
8848,C
8849,A
8850,C
8851,F
8852,A
8853,B
8854,C
8855,A
8856,
8857,N
8858,A
8859,M
8860,M
8861,A
8862,C
8863,
8864,A
8865,A
8866,A
8867,
8868,A
8869,A
8870,C
8871,A
8872,
8873,A
8874,A
8875,A
8876,
8877,A
8878,P
8879,A
8880,A
8881,
8882,
8883,B
8884,R
8885,N
8886,A
8887,A
8888,
8889,A
8890,A
8891,R
8892,A
8893,A
8894,A
8895,A
8896,A
8897,
8898,A
8899,A
8900,A
8901,A
8902,G
8903,
8904,A
8905,A
8906,A
8907,M
8908,A
8909,A
8910,A
8911,
8912,
8913,A
8914,J
8915,A
8916,B
8917,P
8918,G
8919,A
8920,A
8921,A
8922,A
8923,A
8924,A
8925,A
8926,A
8927,A
8928,A
8929,E
8930,A
8931,A
8932,
8933,A
8934,
8935,P
8936,A
8937,
8938,
8939,
8940,A
8941,
8942,B
8943,A
8944,A
8945,A
8946,J
8947,H
8948,M
8949,A
8950,A
8951,N
8952,A
8953,S
8954,B
8955,
8956,A
8957,A
8958,A
8959,
8960,A
8961,M
8962,
8963,A
8964,A
8965,B
8966,A
8967,
8968,A
8969,R
8970,A
8971,A
8972,H
8973,A
8974,
8975,H
8976,A
8977,
8978,A
8979,M
8980,A
8981,C
8982,A
8983,E
8984,H
8985,A
8986,A
8987,A
8988,
8989,A
8990,A
8991,P
8992,P
8993,J
8994,B
8995,
8996,A
8997,A
8998,B
8999,
9000,A
9001,A
9002,
9003,A
9004,
9005,A
9006,M
9007,J
9008,
9009,N
9010,A
9011,J
9012,B
9013,A
9014,
9015,A
9016,A
9017,A
9018,K
9019,A
9020,A
9021,A
9022,A
9023,
9024,A
9025,A
9026,M
9027,N
9028,A
9029,A
9030,A
9031,A
9032,B
9033,
9034,A
9035,A
9036,
9037,A
9038,A
9039,A
9040,
9041,M
9042,A
9043,A
9044,
9045,
9046,B
9047,A
9048,A
9049,
9050,A
9051,A
9052,
9053,N
9054,A
9055,
9056,D
9057,
9058,A
9059,A
9060,H
9061,A
9062,A
9063,A
9064,A
9065,
9066,A
9067,A
9068,
9069,E
9070,A
9071,K
9072,A
9073,
9074,A
9075,A
9076,
9077,E
9078,
9079,
9080,A
9081,N
9082,R
9083,C
9084,A
9085,
9086,A
9087,A
9088,A
9089,A
9090,E
9091,A
9092,A
9093,A
9094,C
9095,A
9096,N
9097,
9098,
9099,A
9100,A
9101,A
9102,
9103,
9104,B
9105,A
9106,P
9107,
9108,A
9109,A
9110,
9111,
9112,H
9113,N
9114,A
9115,B
9116,A
9117,A
9118,A
9119,A
9120,J
9121,A
9122,R
9123,A
9124,C
9125,C
9126,A
9127,A
9128,A
9129,A
9130,A
9131,A
9132,A
9133,A
9134,A
9135,
9136,A
9137,S
9138,A
9139,A
9140,A
9141,C
9142,
9143,A
9144,G
9145,A
9146,A
9147,J
9148,A
9149,A
9150,
9151,A
9152,A
9153,G
9154,A
9155,
9156,K
9157,H
9158,A
9159,
9160,A
9161,P
9162,N
9163,A
9164,A
9165,A
9166,C
9167,A
9168,M
9169,
9170,M
9171,A
9172,A
9173,
9174,A
9175,A
9176,A
9177,A
9178,C
9179,
9180,A
9181,A
9182,A
9183,A
9184,A
9185,A
9186,A
9187,
9188,M
9189,P
9190,C
9191,A
9192,
9193,
9194,A
9195,H
9196,
9197,B
9198,A
9199,A
9200,A
9201,C
9202,A
9203,
9204,B
9205,A
9206,A
9207,A
9208,G
9209,
9210,C
9211,A
9212,A
9213,A
9214,A
9215,
9216,A
9217,A
9218,B
9219,
9220,A
9221,A
9222,G
9223,A
9224,A
9225,
9226,A
9227,C
9228,A
9229,A
9230,A
9231,A
9232,A
9233,A
9234,A
9235,G
9236,H
9237,A
9238,
9239,
9240,A
9241,A
9242,A
9243,A
9244,M
9245,A
9246,A
9247,A
9248,S
9249,
9250,P
9251,J
9252,
9253,A
9254,C
9255,A
9256,B
9257,A
9258,A
9259,A
9260,A
9261,B
9262,B
9263,B
9264,
9265,
9266,A
9267,C
9268,A
9269,C
9270,P
9271,N
9272,H
9273,N
9274,A
9275,P
9276,H
9277,
9278,A
9279,A
9280,R
9281,E
9282,N
9283,G
9284,A
9285,A
9286,G
9287,A
9288,N
9289,R
9290,G
9291,A
9292,
9293,
9294,C
9295,B
9296,A
9297,C
9298,M
9299,A
9300,M
9301,A
9302,A
9303,
9304,A
9305,A
9306,J
9307,
9308,A
9309,B
9310,B
9311,H
9312,J
9313,B
9314,L
9315,A
9316,C
9317,A
9318,A
9319,A
9320,
9321,
9322,A
9323,A
9324,A
9325,B
9326,A
9327,
9328,
9329,
9330,A
9331,C
9332,B
9333,A
9334,N
9335,
9336,A
9337,J
9338,
9339,S
9340,A
9341,
9342,
9343,A
9344,M
9345,A
9346,
9347,A
9348,A
9349,
9350,E
9351,A
9352,
9353,A
9354,P
9355,
9356,A
9357,A
9358,A
9359,A
9360,J
9361,A
9362,
9363,A
9364,B
9365,
9366,
9367,E
9368,L
9369,A
9370,
9371,A
9372,
9373,C
9374,
9375,
9376,
9377,A
9378,A
9379,A
9380,A
9381,
9382,A
9383,A
9384,B
9385,A
9386,
9387,A
9388,H
9389,A
9390,J
9391,J
9392,A
9393,A
9394,A
9395,A
9396,A
9397,A
9398,
9399,A
9400,A
9401,A
9402,A
9403,
9404,
9405,A
9406,A
9407,A
9408,
9409,C
9410,C
9411,A
9412,B
9413,M
9414,
9415,N
9416,C
9417,A
9418,A
9419,C
9420,A
9421,A
9422,C
9423,B
9424,A
9425,M
9426,A
9427,A
9428,A
9429,
9430,A
9431,
9432,A
9433,H
9434,
9435,A
9436,
9437,A
9438,A
9439,A
9440,A
9441,
9442,A
9443,J
9444,A
9445,E
9446,G
9447,
9448,
9449,A
9450,B
9451,A
9452,A
9453,H
9454,M
9455,B
9456,
9457,
9458,A
9459,
9460,A
9461,N
9462,A
9463,
9464,
9465,
9466,A
9467,A
9468,
9469,B
9470,A
9471,
9472,
9473,D
9474,A
9475,E
9476,A
9477,C
9478,C
9479,H
9480,R
9481,A
9482,A
9483,
9484,A
9485,P
9486,A
9487,A
9488,A
9489,A
9490,A
9491,A
9492,A
9493,
9494,A
9495,A
9496,A
9497,
9498,M
9499,A
9500,A
9501,A
9502,A
9503,H
9504,A
9505,A
9506,K
9507,N
9508,C
9509,
9510,A
9511,A
9512,A
9513,A
9514,
9515,A
9516,
9517,C
9518,
9519,
9520,A
9521,A
9522,A
9523,A
9524,A
9525,A
9526,H
9527,J
9528,J
9529,C
9530,A
9531,
9532,A
9533,A
9534,B
9535,A
9536,A
9537,N
9538,A
9539,
9540,A
9541,A
9542,A
9543,A
9544,A
9545,
9546,A
9547,A
9548,C
9549,A
9550,N
9551,A
9552,B
9553,A
9554,G
9555,A
9556,A
9557,C
9558,A
9559,A
9560,
9561,A
9562,A
9563,
9564,A
9565,M
9566,A
9567,
9568,A
9569,A
9570,A
9571,A
9572,H
9573,A
9574,N
9575,A
9576,H
9577,
9578,C
9579,A
9580,A
9581,A
9582,H
9583,B
9584,A
9585,A
9586,S
9587,E
9588,A
9589,A
9590,A
9591,D
9592,A
9593,A
9594,A
9595,A
9596,G
9597,A
9598,A
9599,A
9600,A
9601,A
9602,A
9603,B
9604,A
9605,
9606,
9607,
9608,H
9609,A
9610,L
9611,J
9612,A
9613,
9614,A
9615,C
9616,A
9617,A
9618,A
9619,A
9620,K
9621,B
9622,A
9623,A
9624,A
9625,
9626,J
9627,A
9628,C
9629,C
9630,A
9631,A
9632,
9633,
9634,C
9635,D
9636,H
9637,A
9638,D
9639,A
9640,A
9641,A
9642,A
9643,H
9644,A
9645,A
9646,A
9647,A
9648,
9649,H
9650,B
9651,A
9652,A
9653,P
9654,A
9655,A
9656,A
9657,A
9658,A
9659,C
9660,A
9661,A
9662,M
9663,A
9664,C
9665,A
9666,A
9667,A
9668,A
9669,H
9670,A
9671,A
9672,A
9673,C
9674,
9675,J
9676,A
9677,P
9678,C
9679,D
9680,A
9681,A
9682,A
9683,K
9684,A
9685,A
9686,M
9687,N
9688,A
9689,
9690,A
9691,C
9692,A
9693,A
9694,D
9695,A
9696,J
9697,
9698,C
9699,A
9700,
9701,N
9702,
9703,B
9704,A
9705,A
9706,
9707,A
9708,B
9709,A
9710,
9711,A
9712,D
9713,
9714,A
9715,A
9716,A
9717,A
9718,A
9719,A
9720,A
9721,A
9722,A
9723,H
9724,C
9725,A
9726,
9727,D
9728,
9729,A
9730,A
9731,A
9732,A
9733,A
9734,G
9735,A
9736,A
9737,A
9738,B
9739,A
9740,A
9741,A
9742,A
9743,N
9744,A
9745,A
9746,A
9747,
9748,
9749,L
9750,A
9751,A
9752,A
9753,A
9754,A
9755,A
9756,A
9757,A
9758,A
9759,H
9760,
9761,M
9762,
9763,A
9764,J
9765,M
9766,
9767,
9768,A
9769,H
9770,A
9771,A
9772,A
9773,P
9774,C
9775,M
9776,
9777,A
9778,
9779,
9780,A
9781,
9782,A
9783,A
9784,A
9785,R
9786,A
9787,B
9788,
9789,
9790,A
9791,C
9792,L
9793,A
9794,A
9795,
9796,F
9797,A
9798,A
9799,K
9800,C
9801,A
9802,
9803,B
9804,B
9805,A
9806,A
9807,P
9808,A
9809,H
9810,C
9811,
9812,
9813,A
9814,A
9815,
9816,N
9817,
9818,
9819,A
9820,
9821,
9822,A
9823,M
9824,A
9825,H
9826,A
9827,L
9828,P
9829,C
9830,A
9831,C
9832,H
9833,A
9834,A
9835,B
9836,C
9837,
9838,
9839,A
9840,
9841,
9842,A
9843,A
9844,A
9845,A
9846,
9847,
9848,B
9849,A
9850,H
9851,A
9852,A
9853,B
9854,
9855,
9856,M
9857,A
9858,
9859,A
9860,
9861,J
9862,
9863,H
9864,A
9865,A
9866,A
9867,A
9868,L
9869,C
9870,A
9871,B
9872,A
9873,L
9874,M
9875,A
9876,A
9877,K
9878,A
9879,B
9880,A
9881,A
9882,J
9883,A
9884,A
9885,M
9886,N
9887,A
9888,A
9889,B
9890,
9891,A
9892,J
9893,H
9894,A
9895,A
9896,
9897,A
9898,
9899,A
9900,
9901,B
9902,A
9903,A
9904,E
9905,N
9906,J
9907,
9908,A
9909,A
9910,A
9911,K
9912,
9913,A
9914,A
9915,C
9916,A
9917,L
9918,A
9919,A
9920,E
9921,M
9922,
9923,A
9924,A
9925,A
9926,A
9927,
9928,H
9929,A
9930,A
9931,S
9932,A
9933,A
9934,B
9935,
9936,A
9937,A
9938,C
9939,A
9940,C
9941,
9942,
9943,A
9944,A
9945,
9946,
9947,A
9948,A
9949,A
9950,B
9951,
9952,B
9953,C
9954,A
9955,P
9956,A
9957,
9958,B
9959,
9960,A
9961,C
9962,A
9963,A
9964,A
9965,A
9966,A
9967,
9968,A
9969,A
9970,A
9971,A
9972,B
9973,
9974,C
9975,
9976,
9977,
9978,
9979,A
9980,
9981,A
9982,C
9983,A
9984,N
9985,G
9986,R
9987,A
9988,A
9989,P
9990,F
9991,A
9992,C
9993,
9994,A
9995,A
9996,A
9997,N
9998,B
9999,A
10000,A
10001,A
10002,C
10003,A
10004,A
10005,
10006,
10007,
10008,C
10009,A
10010,A
10011,A
10012,A
10013,
10014,A
10015,A
10016,A
10017,A
10018,G
10019,A
10020,A
10021,A
10022,A
10023,A
10024,F
10025,
10026,A
10027,A
10028,B
10029,A
10030,C
10031,A
10032,A
10033,A
10034,R
10035,A
10036,A
10037,A
10038,A
10039,
10040,A
10041,A
10042,A
10043,A
10044,A
10045,J
10046,A
10047,
10048,A
10049,A
10050,
10051,N
10052,A
10053,A
10054,L
10055,
10056,A
10057,A
10058,A
10059,A
10060,
10061,R
10062,A
10063,A
10064,A
10065,R
10066,S
10067,C
10068,A
10069,A
10070,A
10071,A
10072,A
10073,A
10074,A
10075,
10076,A
10077,A
10078,A
10079,C
10080,A
10081,A
10082,A
10083,A
10084,
10085,A
10086,A
10087,R
10088,C
10089,C
10090,A
10091,A
10092,N
10093,A
10094,A
10095,A
10096,A
10097,
10098,
10099,B
10100,A
10101,C
10102,C
10103,E
10104,A
10105,A
10106,K
10107,A
10108,A
10109,A
10110,A
10111,M
10112,C
10113,
10114,
10115,B
10116,
10117,
10118,A
10119,A
10120,A
10121,
10122,A
10123,
10124,A
10125,J
10126,
10127,A
10128,
10129,
10130,E
10131,A
10132,
10133,
10134,A
10135,A
10136,
10137,A
10138,E
10139,
10140,
10141,
10142,A
10143,A
10144,A
10145,A
10146,
10147,
10148,A
10149,A
10150,M
10151,B
10152,A
10153,
10154,A
10155,A
10156,A
10157,A
10158,A
10159,
10160,C
10161,A
10162,A
10163,A
10164,A
10165,E
10166,A
10167,A
10168,A
10169,A
10170,E
10171,A
10172,A
10173,A
10174,
10175,A
10176,A
10177,A
10178,A
10179,A
10180,A
10181,A
10182,A
10183,J
10184,C
10185,A
10186,A
10187,
10188,A
10189,
10190,
10191,
10192,A
10193,A
10194,A
10195,A
10196,A
10197,J
10198,
10199,A
10200,A
10201,A
10202,A
10203,A
10204,
10205,H
10206,A
10207,A
10208,A
10209,A
10210,A
10211,F
10212,A
10213,A
10214,A
10215,A
10216,A
10217,A
10218,
10219,A
10220,A
10221,A
10222,A
10223,C
10224,H
10225,A
10226,A
10227,A
10228,C
10229,A
10230,N
10231,M
10232,A
10233,A
10234,
10235,A
10236,A
10237,A
10238,A
10239,
10240,A
10241,
10242,R
10243,A
10244,A
10245,A
10246,B
10247,A
10248,B
10249,A
10250,A
10251,A
10252,
10253,
10254,A
10255,J
10256,A
10257,E
10258,F
10259,A
10260,A
10261,A
10262,
10263,A
10264,A
10265,A
10266,B
10267,A
10268,A
10269,A
10270,
10271,J
10272,A
10273,H
10274,P
10275,A
10276,S
10277,A
10278,A
10279,A
10280,A
10281,A
10282,L
10283,F
10284,P
10285,A
10286,A
10287,K
10288,A
10289,A
10290,A
10291,F
10292,S
10293,A
10294,B
10295,A
10296,A
10297,
10298,
10299,A
10300,A
10301,C
10302,A
10303,A
10304,
10305,A
10306,L
10307,A
10308,A
10309,B
10310,
10311,J
10312,A
10313,A
10314,M
10315,A
10316,A
10317,A
10318,A
10319,A
10320,A
10321,F
10322,A
10323,A
10324,A
10325,A
10326,P
10327,A
10328,A
10329,A
10330,A
10331,C
10332,
10333,M
10334,A
10335,B
10336,J
10337,A
10338,A
10339,A
10340,A
10341,A
10342,A
10343,
10344,H
10345,A
10346,J
10347,M
10348,J
10349,C
10350,B
10351,A
10352,A
10353,A
10354,A
10355,
10356,A
10357,
10358,
10359,A
10360,A
10361,A
10362,A
10363,A
10364,D
10365,F
10366,C
10367,
10368,A
10369,
10370,B
10371,F
10372,R
10373,A
10374,A
10375,
10376,A
10377,
10378,A
10379,L
10380,A
10381,
10382,A
10383,
10384,B
10385,A
10386,A
10387,B
10388,A
10389,A
10390,
10391,A
10392,A
10393,B
10394,A
10395,B
10396,A
10397,C
10398,N
10399,A
10400,M
10401,P
10402,B
10403,
10404,A
10405,A
10406,A
10407,A
10408,A
10409,N
10410,H
10411,
10412,
10413,A
10414,A
10415,A
10416,N
10417,A
10418,A
10419,H
10420,A
10421,B
10422,A
10423,A
10424,A
10425,
10426,A
10427,A
10428,A
10429,A
10430,
10431,
10432,A
10433,
10434,
10435,A
10436,A
10437,A
10438,
10439,
10440,F
10441,
10442,A
10443,K
10444,A
10445,A
10446,A
10447,
10448,A
10449,A
10450,H
10451,B
10452,A
10453,
10454,A
10455,B
10456,S
10457,
10458,A
10459,A
10460,N
10461,A
10462,C
10463,
10464,A
10465,A
10466,J
10467,M
10468,R
10469,A
10470,
10471,A
10472,A
10473,J
10474,A
10475,
10476,A
10477,A
10478,A
10479,A
10480,
10481,D
10482,A
10483,A
10484,A
10485,C
10486,
10487,A
10488,R
10489,A
10490,
10491,A
10492,B
10493,A
10494,A
10495,A
10496,A
10497,A
10498,J
10499,A
10500,A
10501,A
10502,N
10503,B
10504,S
10505,
10506,C
10507,M
10508,A
10509,P
10510,A
10511,A
10512,A
10513,A
10514,E
10515,A
10516,A
10517,A
10518,
10519,A
10520,L
10521,A
10522,J
10523,
10524,B
10525,A
10526,A
10527,M
10528,A
10529,A
10530,
10531,A
10532,A
10533,A
10534,
10535,A
10536,
10537,A
10538,A
10539,A
10540,M
10541,E
10542,A
10543,R
10544,A
10545,A
10546,A
10547,
10548,A
10549,A
10550,A
10551,
10552,A
10553,
10554,B
10555,
10556,G
10557,A
10558,
10559,
10560,H
10561,A
10562,J
10563,P
10564,C
10565,A
10566,A
10567,A
10568,A
10569,A
10570,H
10571,A
10572,J
10573,A
10574,A
10575,J
10576,A
10577,N
10578,A
10579,B
10580,
10581,A
10582,
10583,M
10584,A
10585,C
10586,H
10587,A
10588,M
10589,E
10590,A
10591,A
10592,A
10593,R
10594,P
10595,A
10596,A
10597,C
10598,A
10599,E
10600,A
10601,D
10602,J
10603,B
10604,B
10605,A
10606,
10607,A
10608,H
10609,A
10610,J
10611,A
10612,H
10613,C
10614,A
10615,A
10616,A
10617,A
10618,B
10619,A
10620,H
10621,L
10622,A
10623,H
10624,
10625,E
10626,B
10627,A
10628,A
10629,H
10630,A
10631,F
10632,D
10633,P
10634,
10635,A
10636,A
10637,A
10638,A
10639,
10640,C
10641,A
10642,A
10643,A
10644,A
10645,A
10646,
10647,A
10648,A
10649,A
10650,A
10651,A
10652,
10653,E
10654,A
10655,
10656,A
10657,A
10658,
10659,A
10660,A
10661,A
10662,A
10663,A
10664,A
10665,A
10666,A
10667,A
10668,
10669,A
10670,A
10671,A
10672,A
10673,E
10674,A
10675,A
10676,A
10677,A
10678,B
10679,
10680,
10681,N
10682,A
10683,A
10684,A
10685,
10686,B
10687,A
10688,J
10689,A
10690,
10691,A
10692,P
10693,A
10694,B
10695,A
10696,A
10697,E
10698,
10699,
10700,A
10701,A
10702,A
10703,A
10704,A
10705,
10706,A
10707,
10708,G
10709,A
10710,A
10711,
10712,P
10713,A
10714,G
10715,J
10716,A
10717,A
10718,D
10719,
10720,A
10721,A
10722,A
10723,A
10724,A
10725,
10726,B
10727,H
10728,
10729,A
10730,
10731,
10732,M
10733,A
10734,A
10735,
10736,A
10737,A
10738,
10739,A
10740,A
10741,A
10742,A
10743,A
10744,
10745,H
10746,A
10747,
10748,A
10749,A
10750,A
10751,A
10752,B
10753,
10754,A
10755,H
10756,A
10757,A
10758,
10759,
10760,H
10761,A
10762,
10763,A
10764,A
10765,J
10766,A
10767,A
10768,N
10769,A
10770,
10771,A
10772,A
10773,
10774,B
10775,A
10776,B
10777,A
10778,A
10779,A
10780,M
10781,A
10782,A
10783,
10784,A
10785,A
10786,
10787,
10788,A
10789,A
10790,
10791,H
10792,A
10793,
10794,A
10795,
10796,A
10797,
10798,
10799,C
10800,A
10801,A
10802,A
10803,A
10804,H
10805,H
10806,
10807,P
10808,A
10809,A
10810,A
10811,A
10812,F
10813,H
10814,J
10815,A
10816,H
10817,A
10818,A
10819,A
10820,A
10821,B
10822,A
10823,J
10824,
10825,P
10826,G
10827,A
10828,A
10829,
10830,A
10831,B
10832,
10833,C
10834,A
10835,C
10836,B
10837,
10838,K
10839,A
10840,A
10841,
10842,A
10843,B
10844,
10845,B
10846,A
10847,C
10848,M
10849,B
10850,A
10851,A
10852,A
10853,
10854,A
10855,A
10856,C
10857,A
10858,A
10859,A
10860,A
10861,A
10862,A
10863,A
10864,A
10865,A
10866,
10867,S
10868,A
10869,A
10870,A
10871,A
10872,
10873,A
10874,A
10875,A
10876,A
10877,A
10878,A
10879,J
10880,A
10881,H
10882,A
10883,
10884,A
10885,A
10886,H
10887,
10888,B
10889,H
10890,
10891,A
10892,A
10893,B
10894,A
10895,A
10896,A
10897,A
10898,A
10899,A
10900,A
10901,A
10902,A
10903,F
10904,C
10905,A
10906,
10907,A
10908,A
10909,A
10910,
10911,A
10912,B
10913,
10914,A
10915,A
10916,A
10917,A
10918,H
10919,A
10920,A
10921,A
10922,A
10923,A
10924,A
10925,P
10926,A
10927,A
10928,C
10929,A
10930,R
10931,S
10932,A
10933,C
10934,S
10935,
10936,A
10937,C
10938,
10939,M
10940,A
10941,A
10942,A
10943,A
10944,G
10945,B
10946,S
10947,
10948,C
10949,A
10950,B
10951,D
10952,J
10953,
10954,N
10955,
10956,A
10957,
10958,C
10959,B
10960,A
10961,
10962,A
10963,A
10964,A
10965,B
10966,A
10967,H
10968,A
10969,
10970,A
10971,A
10972,C
10973,A
10974,B
10975,A
10976,A
10977,A
10978,A
10979,A
10980,
10981,A
10982,A
10983,A
10984,A
10985,A
10986,A
10987,B
10988,H
10989,
10990,
10991,A
10992,A
10993,A
10994,
10995,A
10996,S
10997,A
10998,A
10999,A
11000,S
11001,A
11002,
11003,
11004,A
11005,
11006,
11007,A
11008,
11009,A
11010,C
11011,H
11012,A
11013,P
11014,
11015,A
11016,A
11017,A
11018,A
11019,H
11020,A
11021,A
11022,A
11023,
11024,P
11025,
11026,
11027,C
11028,A
11029,A
11030,A
11031,A
11032,B
11033,
11034,M
11035,A
11036,A
11037,C
11038,A
11039,N
11040,
11041,A
11042,
11043,
11044,S
11045,M
11046,A
11047,A
11048,D
11049,C
11050,A
11051,B
11052,E
11053,
11054,
11055,J
11056,N
11057,H
11058,A
11059,A
11060,
11061,A
11062,B
11063,A
11064,A
11065,A
11066,A
11067,A
11068,J
11069,A
11070,A
11071,A
11072,
11073,A
11074,A
11075,A
11076,R
11077,A
11078,B
11079,A
11080,A
11081,A
11082,C
11083,
11084,A
11085,L
11086,A
11087,A
11088,
11089,A
11090,A
11091,A
11092,H
11093,A
11094,A
11095,A
11096,A
11097,A
11098,A
11099,
11100,A
11101,K
11102,A
11103,C
11104,R
11105,E
11106,F
11107,R
11108,A
11109,B
11110,C
11111,A
11112,A
11113,C
11114,A
11115,A
11116,K
11117,
11118,R
11119,
11120,
11121,
11122,A
11123,P
11124,A
11125,C
11126,A
11127,
11128,A
11129,H
11130,A
11131,A
11132,A
11133,A
11134,
11135,F
11136,B
11137,
11138,B
11139,A
11140,P
11141,H
11142,A
11143,A
11144,A
11145,D
11146,S
11147,A
11148,A
11149,E
11150,A
11151,
11152,
11153,N
11154,A
11155,
11156,
11157,A
11158,G
11159,
11160,A
11161,C
11162,R
11163,A
11164,A
11165,A
11166,
11167,A
11168,A
11169,A
11170,N
11171,C
11172,A
11173,A
11174,A
11175,G
11176,A
11177,A
11178,A
11179,J
11180,B
11181,A
11182,C
11183,C
11184,B
11185,A
11186,A
11187,A
11188,A
11189,B
11190,N
11191,A
11192,A
11193,A
11194,
11195,A
11196,C
11197,K
11198,A
11199,
11200,M
11201,
11202,A
11203,B
11204,A
11205,B
11206,N
11207,A
11208,A
11209,A
11210,A
11211,N
11212,
11213,A
11214,R
11215,A
11216,A
11217,A
11218,C
11219,A
11220,D
11221,A
11222,A
11223,A
11224,F
11225,A
11226,A
11227,A
11228,H
11229,A
11230,
11231,B
11232,
11233,B
11234,A
11235,
11236,A
11237,
11238,
11239,A
11240,
11241,B
11242,A
11243,A
11244,A
11245,
11246,R
11247,A
11248,A
11249,A
11250,A
11251,A
11252,A
11253,A
11254,A
11255,A
11256,A
11257,
11258,A
11259,J
11260,A
11261,R
11262,D
11263,B
11264,A
11265,B
11266,D
11267,A
11268,A
11269,A
11270,A
11271,A
11272,C
11273,A
11274,
11275,A
11276,M
11277,A
11278,A
11279,A
11280,A
11281,A
11282,A
11283,A
11284,A
11285,E
11286,C
11287,A
11288,A
11289,
11290,A
11291,A
11292,
11293,A
11294,G
11295,A
11296,A
11297,P
11298,A
11299,A
11300,A
11301,A
11302,A
11303,K
11304,
11305,A
11306,A
11307,A
11308,F
11309,A
11310,A
11311,C
11312,A
11313,S
11314,A
11315,A
11316,A
11317,A
11318,A
11319,
11320,A
11321,A
11322,D
11323,A
11324,
11325,A
11326,
11327,A
11328,
11329,A
11330,
11331,A
11332,B
11333,R
11334,A
11335,C
11336,A
11337,
11338,A
11339,N
11340,A
11341,A
11342,
11343,A
11344,A
11345,A
11346,J
11347,A
11348,A
11349,B
11350,D
11351,C
11352,A
11353,B
11354,R
11355,A
11356,
11357,B
11358,D
11359,A
11360,H
11361,A
11362,
11363,A
11364,A
11365,
11366,
11367,A
11368,
11369,A
11370,A
11371,H
11372,A
11373,A
11374,A
11375,C
11376,B
11377,H
11378,
11379,K
11380,A
11381,D
11382,S
11383,
11384,A
11385,A
11386,R
11387,A
11388,H
11389,D
11390,A
11391,A
11392,
11393,A
11394,A
11395,C
11396,A
11397,K
11398,B
11399,B
11400,A
11401,A
11402,J
11403,C
11404,A
11405,
11406,A
11407,A
11408,
11409,
11410,A
11411,A
11412,
11413,A
11414,
11415,S
11416,A
11417,
11418,C
11419,A
11420,B
11421,A
11422,A
11423,A
11424,A
11425,
11426,A
11427,J
11428,
11429,J
11430,A
11431,A
11432,B
11433,A
11434,F
11435,A
11436,D
11437,M
11438,A
11439,A
11440,A
11441,A
11442,M
11443,P
11444,
11445,C
11446,A
11447,F
11448,A
11449,A
11450,A
11451,H
11452,A
11453,
11454,A
11455,H
11456,
11457,A
11458,A
11459,A
11460,A
11461,A
11462,A
11463,
11464,A
11465,A
11466,B
11467,A
11468,A
11469,A
11470,A
11471,A
11472,A
11473,A
11474,
11475,A
11476,A
11477,A
11478,A
11479,H
11480,A
11481,B
11482,A
11483,
11484,
11485,A
11486,A
11487,A
11488,F
11489,M
11490,B
11491,
11492,H
11493,
11494,M
11495,
11496,H
11497,A
11498,
11499,A
11500,A
11501,A
11502,A
11503,A
11504,C
11505,A
11506,A
11507,F
11508,S
11509,B
11510,A
11511,A
11512,H
11513,
11514,H
11515,A
11516,C
11517,A
11518,A
11519,
11520,A
11521,A
11522,A
11523,A
11524,R
11525,A
11526,
11527,A
11528,
11529,K
11530,B
11531,
11532,A
11533,
11534,
11535,A
11536,N
11537,A
11538,A
11539,A
11540,A
11541,
11542,A
11543,N
11544,A
11545,A
11546,A
11547,H
11548,
11549,A
11550,A
11551,A
11552,A
11553,
11554,A
11555,R
11556,
11557,L
11558,H
11559,A
11560,A
11561,H
11562,A
11563,
11564,M
11565,A
11566,A
11567,A
11568,
11569,
11570,D
11571,H
11572,A
11573,E
11574,A
11575,
11576,N
11577,A
11578,A
11579,J
11580,M
11581,C
11582,R
11583,A
11584,N
11585,A
11586,A
11587,S
11588,A
11589,C
11590,A
11591,A
11592,B
11593,A
11594,S
11595,A
11596,J
11597,A
11598,N
11599,P
11600,A
11601,P
11602,A
11603,A
11604,
11605,C
11606,D
11607,J
11608,A
11609,A
11610,A
11611,
11612,A
11613,H
11614,A
11615,A
11616,A
11617,A
11618,A
11619,
11620,S
11621,
11622,A
11623,A
11624,C
11625,A
11626,A
11627,A
11628,A
11629,
11630,A
11631,B
11632,A
11633,B
11634,
11635,M
11636,J
11637,R
11638,A
11639,
11640,A
11641,A
11642,A
11643,B
11644,
11645,A
11646,A
11647,A
11648,A
11649,A
11650,A
11651,A
11652,C
11653,N
11654,
11655,A
11656,C
11657,A
11658,A
11659,A
11660,B
11661,A
11662,
11663,C
11664,C
11665,P
11666,A
11667,
11668,
11669,A
11670,A
11671,A
11672,A
11673,A
11674,A
11675,
11676,A
11677,A
11678,
11679,C
11680,A
11681,A
11682,B
11683,A
11684,H
11685,A
11686,R
11687,A
11688,A
11689,A
11690,J
11691,E
11692,
11693,A
11694,B
11695,C
11696,B
11697,A
11698,A
11699,A
11700,A
11701,A
11702,
11703,A
11704,C
11705,D
11706,A
11707,A
11708,M
11709,A
11710,E
11711,A
11712,R
11713,J
11714,G
11715,A
11716,A
11717,B
11718,H
11719,
11720,
11721,A
11722,C
11723,A
11724,A
11725,
11726,A
11727,A
11728,A
11729,A
11730,A
11731,
11732,A
11733,A
11734,B
11735,A
11736,
11737,A
11738,A
11739,F
11740,E
11741,A
11742,A
11743,N
11744,A
11745,A
11746,H
11747,B
11748,A
11749,A
11750,A
11751,
11752,A
11753,J
11754,A
11755,
11756,
11757,C
11758,H
11759,A
11760,A
11761,
11762,
11763,A
11764,
11765,
11766,A
11767,A
11768,A
11769,B
11770,A
11771,A
11772,D
11773,C
11774,G
11775,A
11776,C
11777,
11778,A
11779,A
11780,
11781,A
11782,A
11783,H
11784,B
11785,A
11786,C
11787,G
11788,N
11789,A
11790,C
11791,A
11792,H
11793,L
11794,
11795,A
11796,B
11797,A
11798,A
11799,A
11800,A
11801,E
11802,A
11803,A
11804,L
11805,C
11806,A
11807,A
11808,A
11809,A
11810,C
11811,A
11812,M
11813,
11814,L
11815,F
11816,A
11817,A
11818,A
11819,A
11820,A
11821,B
11822,
11823,H
11824,A
11825,
11826,A
11827,
11828,
11829,A
11830,
11831,A
11832,B
11833,L
11834,A
11835,
11836,A
11837,A
11838,A
11839,A
11840,A
11841,C
11842,
11843,A
11844,G
11845,A
11846,A
11847,E
11848,
11849,A
11850,A
11851,F
11852,A
11853,
11854,A
11855,
11856,A
11857,A
11858,A
11859,F
11860,S
11861,
11862,A
11863,A
11864,A
11865,S
11866,L
11867,A
11868,A
11869,M
11870,S
11871,A
11872,A
11873,C
11874,A
11875,A
11876,C
11877,
11878,
11879,A
11880,A
11881,A
11882,A
11883,F
11884,A
11885,C
11886,A
11887,A
11888,N
11889,A
11890,S
11891,A
11892,P
11893,B
11894,A
11895,A
11896,C
11897,A
11898,A
11899,C
11900,N
11901,A
11902,A
11903,
11904,A
11905,
11906,A
11907,A
11908,A
11909,A
11910,A
11911,H
11912,A
11913,C
11914,
11915,A
11916,M
11917,A
11918,
11919,
11920,A
11921,A
11922,A
11923,G
11924,A
11925,A
11926,A
11927,
11928,
11929,A
11930,A
11931,B
11932,A
11933,A
11934,
11935,A
11936,
11937,A
11938,J
11939,
11940,A
11941,A
11942,P
11943,A
11944,D
11945,C
11946,A
11947,
11948,A
11949,A
11950,A
11951,E
11952,
11953,A
11954,A
11955,
11956,B
11957,A
11958,
11959,
11960,
11961,A
11962,
11963,A
11964,
11965,A
11966,L
11967,A
11968,N
11969,A
11970,D
11971,A
11972,A
11973,
11974,A
11975,A
11976,A
11977,H
11978,A
11979,
11980,G
11981,
11982,A
11983,A
11984,C
11985,A
11986,N
11987,A
11988,
11989,
11990,A
11991,C
11992,A
11993,A
11994,A
11995,A
11996,
11997,A
11998,A
11999,D
12000,A
